estimated_loc,complexity_score,timeline_days,team_size_required,domain_category,technical_risk_level,integration_count,seniority_required,regulatory_compliance,testing_coverage_pct,documentation_level,performance_tier,security_criticality,budget_pressure,maintainability_req,target_team_label,profit_margin_pct
32638,High,167,9,Web,Medium,5,Senior,0,88.2,Comprehensive,High,High,Tight,Low,Hybrid,31.24
62018,High,192,7,Data,Medium,3,Senior,0,73.3,Minimal,High,Critical,Flexible,Low,Human,26.95
2231,Low,47,2,Data,High,1,Senior,0,59.3,Standard,Real-time,Medium,Tight,Medium,Hybrid,45.86
42291,High,153,8,Web,High,3,Senior,0,87.9,Minimal,High,Medium,Moderate,Medium,Hybrid,29.65
42834,High,159,7,Web,Low,0,Mid,0,69.3,Standard,High,Low,Tight,Medium,Hybrid,44.91
5161,Medium,61,3,Data,Low,5,Junior,1,76.1,Standard,Standard,Medium,Moderate,Medium,Hybrid,53.26
2073,Low,19,2,Web,Low,3,Mid,1,57.7,Standard,High,Critical,Flexible,High,Human,45.54
16485,Medium,85,2,Security,Medium,3,Junior,0,98.0,Minimal,Real-time,Low,Moderate,Medium,Hybrid,52.88
11084,Medium,69,2,Security,Medium,5,Mid,1,57.5,Standard,Standard,Medium,Tight,High,Hybrid,47.48
1959,Low,16,2,Data,Medium,3,Senior,0,78.7,Standard,Real-time,Medium,Flexible,Medium,AI,37.76
27106,High,122,10,Data,Medium,3,Senior,1,58.4,Standard,Standard,Medium,Tight,Medium,Hybrid,33.04
48796,High,133,6,Web,Critical,8,Junior,0,90.0,Minimal,Standard,Medium,Moderate,Low,Human,44.87
176048,High,187,6,Security,Medium,3,Junior,0,93.1,Standard,Standard,Critical,Flexible,Medium,Human,39.29
47698,High,114,5,Data,Low,1,Senior,0,58.5,Standard,High,Medium,Moderate,Medium,Hybrid,31.18
1657,Low,27,1,Data,Low,0,Junior,1,51.0,Standard,Standard,Medium,Tight,Low,AI,62.68
1905,Low,71,4,Infrastructure,Medium,2,Mid,1,58.9,Standard,Real-time,High,Tight,Low,Hybrid,50.31
51329,High,144,7,Data,Low,3,Junior,0,71.4,Comprehensive,Real-time,Critical,Tight,High,Human,39.98
1181,Low,23,3,Web,Low,3,Mid,0,81.2,Standard,Standard,Medium,Moderate,Medium,AI,55.1
89805,High,165,10,Data,Medium,2,Mid,0,57.4,Minimal,High,High,Tight,Low,Human,40.29
21382,Medium,102,1,Web,High,7,Architect,0,87.1,Standard,Standard,High,Moderate,Low,Human,32.53
11118,Medium,97,6,Data,High,11,Mid,1,98.0,Comprehensive,Standard,High,Moderate,Medium,Hybrid,35.6
2491,Low,40,2,Infrastructure,Medium,5,Junior,1,57.1,Comprehensive,Standard,High,Moderate,Medium,Hybrid,51.69
47146,High,166,5,Data,Low,3,Junior,0,86.2,Minimal,Real-time,Low,Moderate,Low,Hybrid,49.79
32895,High,138,5,Web,High,5,Junior,1,59.4,Minimal,High,High,Tight,Medium,Human,46.19
58930,High,157,9,Web,High,7,Junior,1,98.0,Comprehensive,High,Low,Tight,Medium,Hybrid,40.27
709,Low,7,1,Security,Medium,4,Mid,0,48.9,Standard,High,Medium,Moderate,Low,AI,53.77
12561,Medium,101,4,Infrastructure,Medium,5,Mid,0,75.0,Standard,Standard,High,Moderate,High,Hybrid,46.6
3955,Low,47,1,Infrastructure,Medium,5,Junior,0,62.0,Standard,Standard,Medium,Tight,High,AI,63.15
7387,Medium,72,7,Security,High,3,Mid,1,67.0,Minimal,Standard,Low,Tight,High,Human,46.77
3624,Medium,74,2,Web,Low,5,Architect,0,49.9,Minimal,Standard,Low,Moderate,Medium,Hybrid,40.62
6440,Medium,72,4,Data,High,5,Senior,1,55.2,Standard,Real-time,Medium,Moderate,High,Human,32.51
10576,Medium,97,1,Data,Medium,6,Mid,0,68.5,Standard,Real-time,Low,Moderate,Medium,Hybrid,47.36
75062,High,154,5,Infrastructure,Medium,3,Senior,0,65.5,Minimal,Standard,High,Tight,Medium,Human,33.03
26329,High,164,8,Web,Low,2,Junior,0,75.5,Standard,High,Medium,Tight,High,Hybrid,47.79
9798,Medium,51,4,Data,Low,2,Senior,1,73.7,Minimal,Real-time,Medium,Moderate,High,Hybrid,36.08
21045,High,153,7,Infrastructure,High,3,Mid,1,83.8,Minimal,High,Critical,Tight,High,Human,32.36
5114,Medium,57,5,Mobile,High,7,Mid,0,98.0,Comprehensive,High,Medium,Flexible,High,Hybrid,35.9
39349,High,165,10,Mobile,High,6,Mid,1,63.3,Standard,Real-time,Medium,Tight,High,Human,29.17
1268,Low,41,1,Web,Medium,1,Mid,0,65.5,Minimal,Standard,Medium,Flexible,Medium,AI,50.8
639,Low,7,1,Infrastructure,Medium,3,Mid,0,38.2,Comprehensive,Real-time,Medium,Flexible,Medium,Hybrid,49.28
3300,Low,53,1,Web,Low,1,Architect,0,69.0,Minimal,Standard,Low,Flexible,Medium,AI,43.7
1262,Low,47,2,Mobile,High,4,Mid,1,60.1,Standard,High,High,Tight,Medium,Human,44.42
2213,Low,8,2,Data,Low,2,Senior,0,53.8,Standard,Real-time,High,Moderate,Low,Hybrid,44.0
15495,Medium,97,2,Security,Low,0,Senior,1,79.9,Standard,Standard,High,Flexible,Medium,Hybrid,36.3
26840,High,143,8,Infrastructure,Medium,0,Senior,0,66.3,Standard,High,High,Moderate,High,Hybrid,28.08
6711,Medium,47,2,Data,Low,3,Mid,0,24.9,Minimal,Real-time,High,Flexible,Low,Hybrid,48.21
31107,Medium,90,7,Data,Low,2,Senior,0,98.0,Minimal,Standard,Critical,Tight,Low,Human,42.36
14840,Medium,51,5,Web,High,5,Mid,0,44.9,Standard,Standard,Critical,Flexible,Low,Human,37.68
10744,Medium,87,4,Mobile,Medium,5,Mid,0,83.7,Standard,High,Low,Flexible,Medium,Hybrid,43.14
1299,Low,39,1,Web,High,7,Mid,0,56.0,Standard,Standard,High,Tight,Medium,Human,52.18
3954,Low,7,1,Data,Medium,8,Mid,0,55.1,Comprehensive,Real-time,Medium,Moderate,Medium,Hybrid,46.07
18692,Medium,99,6,Web,Critical,10,Senior,0,85.6,Standard,Standard,Low,Flexible,High,Human,29.89
10559,Medium,75,6,Mobile,High,5,Mid,0,49.4,Standard,High,High,Flexible,High,Human,36.18
5946,Medium,96,4,Infrastructure,Medium,6,Architect,0,76.5,Minimal,High,Medium,Tight,Low,Hybrid,35.75
41454,High,165,8,Infrastructure,Medium,4,Mid,1,59.7,Standard,Standard,High,Flexible,Medium,Hybrid,32.21
672,Low,30,1,Mobile,Low,2,Senior,1,47.5,Minimal,High,Medium,Tight,High,AI,50.27
12627,Medium,74,3,Mobile,High,12,Mid,0,71.7,Comprehensive,Standard,High,Moderate,Medium,Human,41.22
1812,Low,7,1,Web,High,7,Junior,0,52.7,Standard,High,High,Tight,Low,Human,60.1
2976,Low,33,1,Data,High,7,Junior,0,64.0,Minimal,High,High,Moderate,Medium,Human,56.54
10640,Medium,92,5,Infrastructure,High,3,Senior,1,71.8,Standard,High,High,Tight,Medium,Human,34.65
10520,Medium,76,7,Data,High,8,Senior,0,56.9,Minimal,Standard,Low,Tight,High,Hybrid,41.31
2835,Low,32,2,Data,Low,3,Junior,1,49.6,Standard,Real-time,Low,Flexible,Medium,Hybrid,54.29
47161,High,130,7,Data,Medium,5,Senior,0,87.8,Minimal,Standard,Medium,Moderate,Medium,Human,36.64
1759,Low,45,4,Security,Low,1,Senior,1,41.1,Minimal,Real-time,Low,Moderate,Medium,Hybrid,42.28
6258,Low,35,3,Web,Low,3,Junior,1,34.3,Comprehensive,Standard,Medium,Moderate,Low,Hybrid,54.61
17275,Medium,78,5,Data,Low,2,Senior,0,47.2,Standard,Real-time,High,Flexible,Medium,Hybrid,34.79
30306,High,183,7,Web,Medium,6,Senior,0,97.8,Standard,Standard,Medium,Flexible,High,Hybrid,27.67
17864,Medium,81,4,Infrastructure,Medium,5,Mid,0,86.7,Minimal,Standard,Medium,Tight,Medium,Hybrid,47.73
18264,High,165,8,Data,Medium,5,Junior,0,68.4,Standard,Standard,Low,Tight,High,Hybrid,47.18
3359,Medium,102,6,Data,Medium,6,Architect,0,77.1,Minimal,High,Critical,Tight,Medium,Human,30.21
1977,Low,7,2,Security,Medium,3,Junior,1,66.1,Standard,High,High,Flexible,Medium,Hybrid,52.45
1342,Low,38,2,Mobile,Critical,7,Senior,0,63.4,Minimal,High,Medium,Tight,Medium,Human,47.77
3162,Low,7,3,Security,Low,1,Junior,1,38.1,Comprehensive,High,High,Moderate,Medium,Hybrid,56.08
54633,High,155,10,Data,High,6,Architect,0,58.7,Comprehensive,Standard,High,Tight,Medium,Human,19.12
16001,Medium,61,6,Web,Critical,3,Junior,0,75.4,Minimal,Real-time,High,Flexible,Medium,Human,41.09
36581,Medium,109,6,Security,High,7,Senior,0,78.8,Comprehensive,Real-time,Low,Moderate,Low,Hybrid,31.31
1071,Low,52,1,Infrastructure,Critical,4,Junior,0,89.9,Standard,High,Low,Moderate,High,Human,57.48
52320,High,185,8,Security,Medium,7,Senior,0,53.6,Comprehensive,High,Low,Moderate,High,Hybrid,29.87
4693,Low,38,2,Data,Low,3,Senior,0,68.2,Standard,Standard,High,Tight,Low,AI,49.64
1125,Low,44,1,Security,Medium,3,Junior,1,51.8,Standard,Standard,Medium,Moderate,High,Hybrid,57.28
2221,Low,15,3,Web,High,9,Mid,0,23.0,Standard,Standard,Medium,Moderate,Low,Hybrid,52.5
25612,Medium,84,6,Web,Medium,5,Senior,0,73.3,Minimal,High,Medium,Tight,High,Hybrid,38.29
1859,Low,22,2,Data,Low,2,Mid,0,45.5,Standard,Standard,Critical,Flexible,High,Human,49.45
2029,Low,50,1,Data,Medium,1,Mid,0,52.7,Comprehensive,Standard,Medium,Tight,Low,AI,55.42
1833,Low,15,2,Web,Medium,6,Mid,0,74.0,Minimal,High,High,Moderate,High,Hybrid,48.63
2080,Low,16,2,Mobile,Medium,3,Senior,0,63.7,Comprehensive,Standard,Medium,Flexible,Medium,AI,42.85
33004,High,152,7,Data,Low,5,Senior,0,52.9,Minimal,Standard,Critical,Tight,Medium,Human,35.18
38811,High,175,8,Security,Medium,8,Mid,0,73.5,Standard,High,Low,Moderate,High,Hybrid,37.67
62616,High,145,5,Web,Low,3,Senior,0,52.5,Comprehensive,Standard,Medium,Tight,High,Human,34.91
5466,Medium,62,4,Data,Medium,4,Mid,0,68.1,Minimal,Standard,Low,Tight,Low,Hybrid,55.04
37395,High,104,8,Infrastructure,High,6,Mid,1,90.7,Standard,High,High,Flexible,High,Human,26.86
1969,Low,25,1,Data,Critical,7,Junior,1,62.6,Standard,High,Low,Moderate,High,Human,51.49
9043,Medium,111,5,Infrastructure,High,7,Senior,0,49.2,Minimal,High,Low,Tight,Medium,Hybrid,42.91
4693,Low,52,2,Web,Low,3,Senior,0,67.1,Comprehensive,High,Medium,Tight,Medium,AI,47.26
11952,Medium,95,4,Mobile,Critical,5,Mid,1,64.4,Standard,Standard,Medium,Flexible,Low,Human,39.16
4472,Medium,95,4,Mobile,Medium,8,Mid,0,74.7,Standard,High,High,Tight,High,Hybrid,45.9
16026,Medium,91,5,Mobile,Medium,4,Architect,0,78.2,Comprehensive,Standard,Critical,Moderate,Medium,Human,25.7
16793,Medium,99,3,Web,Low,0,Senior,0,80.7,Standard,Standard,High,Moderate,Medium,Hybrid,40.93
9969,Medium,94,6,Data,Medium,7,Junior,1,40.6,Comprehensive,Standard,Medium,Flexible,High,Hybrid,41.39
20028,Medium,74,3,Security,High,2,Mid,1,41.7,Standard,High,Low,Tight,High,Human,44.31
2152,Low,20,2,Mobile,High,8,Mid,1,33.0,Minimal,Real-time,Critical,Tight,Low,Human,47.65
21166,High,141,6,Infrastructure,High,8,Mid,0,56.6,Comprehensive,High,Medium,Moderate,Low,Hybrid,37.93
1442,Low,34,1,Web,Low,3,Mid,0,57.5,Standard,High,High,Flexible,Medium,AI,49.76
1715,Low,32,4,Web,Low,2,Junior,0,58.3,Minimal,High,High,Moderate,Medium,AI,60.58
8018,Medium,62,5,Security,Medium,2,Mid,1,66.3,Standard,Standard,High,Moderate,Medium,Hybrid,38.82
87650,High,148,6,Web,High,6,Architect,1,98.0,Standard,High,Critical,Flexible,Medium,Human,12.44
5748,Medium,101,1,Security,Low,3,Architect,1,74.9,Comprehensive,Standard,Medium,Moderate,High,AI,28.97
8192,Medium,62,3,Data,Low,1,Junior,1,66.5,Standard,Standard,High,Moderate,High,Hybrid,53.59
1479,Low,8,1,Data,Medium,3,Mid,0,52.4,Minimal,Real-time,Low,Tight,Medium,AI,56.3
1051,Low,29,2,Web,Critical,3,Junior,0,37.7,Minimal,Standard,Medium,Flexible,Medium,Human,57.16
75294,High,151,9,Infrastructure,Critical,7,Mid,0,70.8,Comprehensive,High,Medium,Tight,High,Human,32.43
10541,Medium,91,5,Infrastructure,High,7,Mid,0,98.0,Minimal,High,Low,Flexible,Medium,AI,40.18
18321,Medium,96,6,Data,High,5,Architect,0,50.9,Comprehensive,Real-time,Medium,Flexible,Medium,Hybrid,22.16
1334,Low,43,1,Web,Medium,1,Senior,0,74.5,Comprehensive,Real-time,Medium,Flexible,Medium,AI,40.16
27213,High,156,8,Mobile,Low,1,Architect,0,84.0,Standard,Standard,Low,Moderate,Medium,Human,28.83
15790,Medium,104,3,Data,High,4,Architect,1,65.2,Comprehensive,Standard,Low,Moderate,Medium,Human,24.9
16286,Medium,81,6,Security,Medium,4,Mid,0,65.2,Comprehensive,High,High,Tight,High,Hybrid,40.65
66797,High,193,8,Data,High,5,Senior,0,74.4,Comprehensive,Real-time,High,Flexible,Medium,Human,22.25
1378,Low,28,3,Security,Medium,6,Senior,0,58.7,Standard,Standard,Critical,Flexible,High,Human,40.06
19862,High,140,8,Web,Critical,5,Mid,0,98.0,Standard,Standard,Low,Flexible,High,Hybrid,34.67
19499,Medium,58,5,Web,Medium,2,Senior,1,82.5,Standard,High,Medium,Tight,Medium,Hybrid,35.13
39072,High,188,8,Web,High,6,Junior,1,80.5,Comprehensive,Standard,Low,Moderate,Medium,Human,41.74
3955,Medium,119,5,Infrastructure,Medium,4,Mid,0,57.6,Standard,Standard,Medium,Moderate,Low,Hybrid,47.41
30787,High,146,6,Security,Low,0,Junior,0,86.2,Comprehensive,Standard,High,Flexible,Medium,Hybrid,44.24
109620,High,130,7,Web,High,5,Senior,1,86.8,Standard,Standard,High,Moderate,High,Hybrid,24.15
1744,Low,45,1,Data,High,9,Architect,1,59.6,Minimal,High,Low,Moderate,High,Human,33.35
7782,Medium,57,5,Security,Low,3,Senior,1,88.6,Standard,High,Medium,Moderate,High,Hybrid,36.15
108523,High,141,8,Infrastructure,High,5,Senior,0,90.4,Standard,Real-time,Medium,Tight,Medium,Human,28.04
12428,Medium,101,3,Security,High,4,Junior,0,76.5,Comprehensive,High,High,Flexible,High,Human,42.21
767,Low,7,1,Security,Low,1,Architect,1,44.5,Standard,High,Critical,Moderate,Low,Human,34.16
2036,Low,7,2,Mobile,Medium,1,Senior,0,82.2,Minimal,Real-time,Medium,Tight,High,AI,49.08
49943,High,166,6,Security,Medium,4,Mid,1,42.1,Standard,Standard,Low,Flexible,Medium,Hybrid,35.79
18869,Medium,83,4,Web,Low,0,Mid,0,68.2,Standard,High,Medium,Tight,Medium,Hybrid,51.45
2624,Low,25,1,Security,Medium,1,Senior,1,53.9,Standard,High,High,Tight,Low,Hybrid,44.08
7785,Medium,57,5,Data,Low,4,Mid,1,64.3,Comprehensive,High,Medium,Flexible,Medium,AI,37.28
1653,Low,7,3,Infrastructure,High,11,Senior,1,89.1,Comprehensive,Real-time,Low,Moderate,High,Human,37.5
19470,Medium,88,5,Infrastructure,High,14,Mid,1,80.6,Standard,Standard,High,Tight,Low,Hybrid,41.19
21715,High,166,7,Infrastructure,Medium,6,Mid,0,64.7,Comprehensive,Real-time,Medium,Flexible,Medium,Hybrid,31.77
30535,High,148,8,Data,Low,3,Mid,1,70.1,Minimal,High,Medium,Flexible,Medium,Hybrid,33.61
38675,High,155,11,Data,High,4,Mid,0,74.7,Standard,High,Medium,Tight,Low,Hybrid,36.68
2122,Low,22,1,Infrastructure,Medium,0,Senior,0,45.2,Standard,Standard,Medium,Tight,High,AI,49.98
22227,Medium,85,6,Security,Medium,3,Junior,1,61.4,Standard,High,Medium,Flexible,High,Hybrid,41.98
60863,High,132,9,Data,High,7,Senior,0,73.3,Comprehensive,High,Low,Moderate,Medium,Human,26.61
2183,Low,55,1,Security,High,10,Senior,1,54.6,Standard,Standard,Medium,Flexible,Low,Human,39.75
21433,Medium,110,4,Web,High,3,Mid,0,59.1,Standard,Standard,Critical,Flexible,Medium,Hybrid,38.94
1531,Low,47,1,Web,Medium,6,Architect,0,51.3,Standard,Standard,Medium,Tight,High,AI,44.24
3408,Low,37,2,Infrastructure,Medium,4,Senior,0,53.4,Standard,Standard,Low,Flexible,Medium,AI,45.22
19488,Medium,107,3,Infrastructure,Medium,3,Mid,0,69.2,Standard,Standard,High,Flexible,Medium,Hybrid,41.38
2914,Low,46,1,Security,Low,0,Mid,1,65.1,Minimal,Standard,Medium,Flexible,Medium,Hybrid,56.07
1215,Low,39,1,Security,Low,3,Senior,0,52.5,Comprehensive,Standard,Critical,Tight,Low,Human,46.73
4090,Low,57,2,Web,Critical,5,Senior,0,33.0,Standard,High,Medium,Moderate,Low,Human,42.82
8551,Medium,68,2,Web,Medium,0,Senior,0,31.4,Standard,Real-time,High,Moderate,Medium,Hybrid,36.98
64571,High,152,7,Infrastructure,Low,2,Mid,0,73.6,Comprehensive,Real-time,Medium,Tight,Low,Human,38.81
24748,High,170,7,Security,High,10,Junior,1,98.0,Standard,High,Critical,Moderate,Medium,Human,35.2
2984,Low,35,1,Web,Low,2,Mid,0,72.7,Standard,High,Low,Tight,Medium,AI,59.06
10362,Medium,87,5,Data,Low,3,Junior,1,47.5,Standard,Standard,High,Flexible,High,AI,47.26
1060,Low,29,2,Security,Medium,1,Mid,0,31.0,Standard,Standard,High,Flexible,High,Hybrid,51.07
33780,High,147,7,Security,High,7,Junior,1,78.2,Standard,Real-time,Low,Tight,Medium,Human,43.42
6415,Low,46,1,Data,Medium,8,Mid,1,66.1,Standard,High,Medium,Moderate,Low,Hybrid,49.44
9200,Medium,49,3,Web,High,2,Mid,1,62.4,Standard,High,High,Tight,High,Human,41.42
3451,Low,39,2,Data,Critical,8,Architect,1,62.3,Standard,High,Low,Moderate,Medium,Human,34.66
9465,Medium,76,4,Security,Medium,5,Junior,1,68.8,Minimal,High,Low,Tight,Medium,Hybrid,52.85
21101,High,124,9,Data,Low,1,Senior,1,78.4,Standard,Real-time,High,Flexible,Low,Hybrid,28.05
33782,High,186,6,Web,Medium,5,Architect,0,86.7,Standard,High,Critical,Moderate,Low,Human,21.19
2953,Low,35,3,Infrastructure,Medium,1,Mid,0,42.6,Minimal,Standard,Critical,Flexible,High,Human,47.99
14436,Medium,103,3,Web,Medium,0,Junior,1,55.6,Comprehensive,High,Medium,Tight,High,Hybrid,47.26
2272,Low,22,2,Security,Medium,6,Senior,0,53.0,Minimal,High,High,Moderate,Low,Hybrid,44.54
8692,Medium,96,3,Web,Low,2,Junior,0,81.0,Minimal,Real-time,Medium,Flexible,Medium,Hybrid,52.95
23641,High,135,8,Security,High,2,Architect,1,64.2,Standard,High,Medium,Flexible,High,Human,19.65
20031,Medium,81,4,Mobile,Low,2,Senior,0,71.4,Minimal,Real-time,Low,Moderate,Medium,Hybrid,40.92
2525,Low,7,3,Security,Medium,6,Junior,1,46.1,Standard,High,Low,Flexible,Medium,AI,54.66
1569,Low,40,3,Web,Critical,4,Junior,1,58.9,Minimal,High,High,Flexible,High,Human,48.82
19452,Medium,82,5,Data,High,6,Senior,0,89.2,Standard,Real-time,High,Moderate,Low,Human,34.18
767,Low,7,3,Data,Low,2,Senior,0,81.2,Standard,High,Medium,Moderate,Low,AI,50.47
13784,Medium,80,5,Security,Medium,2,Senior,1,64.1,Standard,Standard,Medium,Moderate,Medium,Hybrid,38.59
1207,Low,21,1,Web,Critical,5,Architect,0,45.0,Comprehensive,Real-time,Medium,Moderate,Low,Human,33.22
1427,Low,24,2,Web,Low,1,Senior,1,49.0,Comprehensive,High,High,Tight,High,AI,43.08
5759,Medium,85,5,Security,Low,1,Mid,0,51.2,Comprehensive,Standard,Medium,Tight,High,Hybrid,48.93
54316,High,148,4,Mobile,High,2,Senior,0,55.8,Minimal,Standard,Medium,Moderate,Medium,Hybrid,34.8
16403,Medium,84,3,Data,High,5,Mid,0,71.4,Standard,High,High,Flexible,Low,Human,38.41
31819,High,144,5,Mobile,High,12,Mid,1,51.8,Standard,High,Medium,Moderate,Medium,Human,32.63
92408,High,150,7,Data,High,13,Senior,0,65.2,Comprehensive,Standard,Low,Tight,Medium,Human,33.62
19574,Medium,79,4,Security,High,6,Mid,0,50.9,Standard,Standard,Low,Flexible,High,Hybrid,44.7
24421,Medium,108,2,Infrastructure,High,10,Mid,0,79.6,Standard,Real-time,Low,Flexible,High,Hybrid,39.16
56415,High,178,7,Data,Medium,4,Mid,0,94.8,Minimal,Standard,High,Moderate,Medium,Hybrid,39.0
36569,High,171,8,Web,Medium,2,Senior,0,75.2,Comprehensive,Standard,Medium,Tight,Low,Hybrid,35.37
47273,High,181,7,Web,Low,1,Mid,0,82.1,Minimal,High,Low,Moderate,Medium,Hybrid,40.3
8674,Medium,122,6,Data,Medium,3,Senior,1,80.5,Standard,Real-time,Medium,Moderate,Medium,Hybrid,31.73
45928,High,177,10,Data,Medium,3,Junior,1,85.9,Minimal,Standard,Medium,Tight,Medium,Hybrid,48.42
2761,Low,71,2,Web,Medium,4,Junior,0,43.0,Comprehensive,Real-time,High,Moderate,Low,Hybrid,55.01
100491,High,169,11,Web,Medium,3,Mid,1,50.3,Standard,Standard,Medium,Moderate,Medium,Human,32.78
18463,Medium,113,3,Web,High,12,Mid,0,82.9,Minimal,High,Medium,Tight,Low,Hybrid,47.8
11470,Medium,77,4,Data,Medium,4,Mid,0,86.4,Comprehensive,Real-time,High,Flexible,High,Hybrid,37.04
14674,Medium,81,5,Security,Low,3,Senior,1,39.0,Minimal,High,Low,Flexible,High,Hybrid,33.45
2081,Low,17,2,Infrastructure,Critical,13,Architect,0,44.5,Minimal,Standard,Low,Flexible,High,Human,36.5
67389,High,147,7,Data,Critical,4,Mid,1,62.1,Minimal,Standard,Low,Flexible,Low,Human,34.46
2242,Low,42,2,Mobile,Low,1,Senior,0,65.5,Comprehensive,High,High,Flexible,Medium,Hybrid,38.14
21281,High,162,12,Data,High,5,Junior,1,65.5,Standard,Standard,Medium,Moderate,High,Human,38.08
9610,Medium,105,5,Mobile,High,7,Senior,1,44.8,Standard,High,High,Tight,Low,Human,34.99
7480,Medium,117,7,Security,Medium,2,Mid,1,91.7,Standard,High,Critical,Moderate,Medium,Human,36.53
18256,Medium,89,4,Infrastructure,High,7,Senior,1,71.1,Comprehensive,Standard,Critical,Tight,High,Human,29.96
43028,High,169,9,Data,High,7,Mid,1,60.5,Comprehensive,Real-time,Medium,Moderate,High,Human,25.92
47849,High,155,10,Data,Low,1,Mid,0,73.6,Minimal,Real-time,Medium,Moderate,Medium,Hybrid,36.26
2010,Low,21,2,Security,Low,3,Junior,0,29.3,Minimal,Real-time,Low,Flexible,Low,Hybrid,60.67
61123,High,127,8,Web,Low,2,Mid,1,96.1,Standard,Standard,Medium,Moderate,Low,Human,38.86
620,Low,8,2,Data,Low,5,Mid,1,64.9,Minimal,High,Low,Moderate,Low,Hybrid,55.6
1576,Low,7,1,Web,Low,1,Mid,0,45.2,Standard,Standard,Medium,Tight,Low,AI,59.59
976,Low,14,1,Security,Critical,13,Senior,1,73.6,Standard,High,Low,Flexible,High,Human,34.78
81952,High,109,6,Mobile,Medium,7,Junior,0,62.9,Standard,Standard,High,Flexible,Medium,Human,41.22
58462,High,144,9,Data,Low,1,Junior,0,71.2,Standard,High,Medium,Tight,Low,Hybrid,49.71
10303,Medium,76,5,Web,Low,1,Mid,0,61.3,Standard,Standard,Medium,Moderate,High,Hybrid,47.7
1315,Low,53,2,Security,Low,0,Senior,0,65.3,Standard,Real-time,Medium,Flexible,Medium,AI,42.38
23121,High,132,6,Data,Medium,7,Senior,0,64.1,Standard,High,Medium,Flexible,Medium,Hybrid,25.18
46402,High,146,7,Security,High,3,Mid,0,81.0,Minimal,High,Medium,Tight,High,Hybrid,38.19
20422,Medium,76,4,Infrastructure,Medium,5,Mid,0,61.7,Standard,High,Low,Flexible,High,Hybrid,42.03
18452,Medium,91,4,Mobile,Medium,6,Senior,1,65.9,Standard,High,Critical,Moderate,Medium,Hybrid,30.04
8132,Medium,127,4,Data,Low,1,Senior,0,84.1,Standard,High,High,Flexible,High,Hybrid,33.9
35122,High,135,7,Web,Low,0,Mid,0,60.0,Standard,Standard,Low,Moderate,Low,Hybrid,45.47
1929,Low,8,1,Web,Low,2,Junior,0,59.6,Comprehensive,High,Medium,Flexible,Medium,AI,56.19
21017,High,142,10,Data,Medium,3,Senior,0,80.4,Standard,High,High,Tight,Medium,Hybrid,31.86
1198,Low,28,2,Web,Low,7,Architect,0,61.1,Comprehensive,Real-time,Medium,Flexible,High,AI,30.63
41605,High,135,11,Infrastructure,Medium,2,Junior,0,60.0,Standard,Standard,High,Tight,Low,Hybrid,45.69
100163,High,144,8,Security,Medium,6,Senior,0,73.2,Standard,High,Medium,Tight,High,Human,28.41
61646,High,157,10,Data,High,5,Mid,1,93.4,Standard,High,High,Flexible,Low,Human,26.71
1373,Low,34,1,Web,Low,2,Senior,0,77.0,Minimal,High,Medium,Flexible,High,AI,43.96
2314,Low,52,1,Infrastructure,High,5,Architect,1,52.2,Standard,High,High,Flexible,Medium,Human,32.02
24267,Medium,39,6,Data,Low,1,Junior,0,90.4,Minimal,High,High,Moderate,Low,Hybrid,53.33
1754,Low,16,4,Infrastructure,High,3,Senior,0,46.1,Standard,Standard,Medium,Tight,Low,Hybrid,49.45
56542,High,149,7,Data,Low,1,Junior,1,60.8,Minimal,Standard,Medium,Tight,Medium,Hybrid,48.78
4949,Medium,126,3,Web,Medium,3,Junior,0,67.3,Minimal,Standard,Low,Tight,High,Hybrid,57.5
16190,High,158,8,Infrastructure,Critical,6,Mid,1,69.6,Standard,High,Low,Flexible,High,Human,27.6
46684,High,164,5,Data,Low,2,Junior,0,88.1,Comprehensive,Standard,Low,Tight,Medium,Hybrid,50.65
9921,Medium,84,5,Data,High,5,Mid,0,47.6,Standard,High,High,Flexible,Medium,Human,41.68
3774,Low,19,2,Web,Medium,2,Mid,0,53.0,Standard,High,High,Flexible,High,Hybrid,47.29
982,Low,16,1,Infrastructure,High,6,Junior,0,62.9,Comprehensive,Real-time,Low,Tight,Medium,Hybrid,57.29
1963,Low,9,2,Mobile,Medium,2,Junior,0,76.0,Standard,Standard,Low,Flexible,High,AI,57.46
55594,High,157,7,Data,High,5,Junior,0,98.0,Comprehensive,Standard,High,Flexible,High,Human,35.87
2429,Low,34,1,Web,High,7,Mid,0,81.4,Standard,High,Low,Tight,High,Hybrid,55.7
3441,Low,7,3,Mobile,Medium,6,Senior,0,52.5,Comprehensive,High,Medium,Moderate,Medium,AI,44.17
7076,Medium,96,4,Security,Medium,3,Architect,1,67.8,Comprehensive,Standard,Low,Moderate,High,Hybrid,29.26
6900,Medium,103,6,Web,High,5,Mid,0,60.4,Minimal,High,Low,Flexible,Medium,AI,43.73
63005,High,165,6,Data,Low,2,Junior,1,64.0,Comprehensive,High,Medium,Flexible,Medium,Human,39.64
1900,Low,62,2,Web,High,9,Junior,0,74.3,Minimal,Real-time,Low,Tight,Low,Hybrid,62.19
43192,High,165,9,Infrastructure,Critical,9,Mid,1,59.1,Minimal,Standard,Medium,Flexible,Medium,Human,30.5
7268,Medium,144,5,Infrastructure,High,3,Senior,0,92.6,Standard,Real-time,Medium,Moderate,Low,Hybrid,33.68
1097,Low,7,1,Security,Low,3,Mid,0,68.2,Comprehensive,Standard,Low,Flexible,Medium,AI,54.17
9591,Medium,92,4,Web,Critical,2,Mid,1,50.8,Standard,High,Medium,Flexible,High,Human,35.72
555,Low,21,2,Mobile,High,3,Architect,1,67.0,Standard,Real-time,Medium,Tight,Medium,Human,36.52
10885,Medium,78,6,Web,High,6,Mid,0,81.2,Minimal,High,High,Tight,High,Human,45.79
15812,Medium,98,4,Data,Medium,6,Mid,1,67.3,Standard,High,High,Moderate,Low,Hybrid,41.53
1849,Low,24,5,Infrastructure,High,6,Mid,1,50.9,Standard,Standard,Medium,Flexible,Medium,Human,45.16
13599,Medium,100,2,Data,High,8,Senior,1,89.1,Minimal,Standard,Medium,Flexible,Medium,Human,39.1
16641,Medium,85,6,Data,High,7,Junior,0,66.0,Standard,Real-time,High,Flexible,Medium,Human,42.98
7725,Medium,97,6,Web,High,7,Senior,0,45.1,Minimal,High,Low,Moderate,High,Hybrid,36.98
128055,High,147,8,Data,Medium,4,Senior,0,86.4,Standard,High,High,Flexible,Medium,Hybrid,24.94
34637,High,109,6,Data,High,4,Mid,1,57.9,Minimal,Real-time,High,Flexible,Low,Human,33.58
10671,Medium,114,2,Security,Medium,5,Senior,1,72.6,Minimal,Standard,Low,Tight,Medium,Hybrid,41.58
7130,Medium,81,6,Web,Low,2,Junior,0,56.9,Comprehensive,High,Critical,Moderate,Medium,Human,46.33
960,Low,7,1,Data,Low,2,Senior,1,73.8,Standard,High,Medium,Flexible,Medium,Hybrid,43.43
38687,High,148,6,Security,High,5,Senior,0,74.2,Standard,High,High,Moderate,Medium,Human,27.54
4224,Low,51,3,Web,Low,1,Mid,0,63.0,Comprehensive,Standard,Medium,Tight,Low,AI,55.59
11070,Medium,127,7,Web,Medium,3,Junior,0,52.6,Minimal,Standard,High,Flexible,High,Hybrid,50.42
56786,High,140,7,Infrastructure,Low,3,Junior,0,80.1,Standard,Standard,Medium,Moderate,Medium,Hybrid,46.07
16089,Medium,93,2,Data,Medium,3,Senior,0,69.1,Standard,Real-time,Critical,Tight,Medium,Human,34.46
2050,Low,12,1,Web,High,4,Architect,0,30.2,Comprehensive,High,High,Tight,Low,Human,35.82
31344,High,139,6,Infrastructure,Medium,7,Mid,0,72.4,Comprehensive,High,Low,Flexible,Low,Hybrid,36.93
875,Low,7,2,Web,Medium,5,Junior,0,39.9,Standard,High,Low,Moderate,Medium,AI,61.25
9874,Medium,91,5,Web,High,3,Junior,0,60.6,Minimal,Standard,Low,Moderate,Medium,Hybrid,53.74
12236,Medium,98,5,Data,High,3,Junior,1,66.5,Comprehensive,Real-time,High,Moderate,Medium,Human,39.44
49970,High,160,7,Web,Low,0,Mid,0,98.0,Comprehensive,Real-time,Low,Moderate,Medium,Human,36.56
1756,Low,42,1,Web,Low,2,Mid,0,79.7,Minimal,Standard,Medium,Flexible,High,AI,55.19
25173,Medium,99,7,Web,Low,0,Mid,0,66.2,Standard,High,Medium,Moderate,Low,Hybrid,44.78
45649,High,92,7,Infrastructure,High,12,Mid,0,65.3,Minimal,High,High,Moderate,Low,Human,35.62
6925,Medium,110,8,Web,Critical,10,Junior,0,63.8,Comprehensive,High,Medium,Moderate,Medium,Human,42.01
52734,High,160,8,Infrastructure,Medium,2,Mid,0,76.1,Standard,Standard,Low,Moderate,Medium,Hybrid,39.68
1212,Low,22,1,Mobile,Low,4,Senior,1,44.3,Standard,Standard,Low,Tight,High,AI,50.04
51238,High,144,8,Data,Medium,7,Junior,0,80.0,Standard,High,Medium,Flexible,High,Hybrid,42.8
84714,High,156,6,Data,Critical,8,Senior,1,78.6,Standard,Standard,Medium,Tight,Low,Human,29.52
3093,Low,52,1,Infrastructure,Medium,2,Senior,1,56.8,Comprehensive,High,Critical,Moderate,Medium,Human,37.22
8183,Medium,108,7,Web,High,3,Junior,0,66.5,Comprehensive,Standard,Medium,Tight,Medium,AI,51.81
123222,High,152,7,Mobile,Low,1,Senior,0,60.3,Comprehensive,Real-time,Critical,Moderate,Medium,Human,27.0
23306,High,136,6,Data,Low,0,Senior,0,98.0,Standard,Real-time,Low,Flexible,High,Hybrid,28.74
2977,Low,47,2,Security,Critical,6,Junior,1,37.2,Minimal,Standard,Medium,Moderate,Low,Human,60.29
4558,Medium,88,4,Security,Low,1,Mid,0,67.1,Comprehensive,Standard,Low,Flexible,Medium,Hybrid,45.73
11612,Medium,77,5,Data,High,5,Mid,1,79.9,Standard,Real-time,Low,Moderate,Low,Human,40.62
4460,Low,7,1,Web,Medium,4,Mid,0,63.8,Comprehensive,Standard,Medium,Flexible,Low,AI,50.57
12185,Medium,68,5,Data,High,9,Mid,1,79.1,Comprehensive,Standard,Medium,Moderate,Medium,Human,38.73
14049,Medium,68,6,Data,High,5,Mid,0,64.9,Minimal,Real-time,Medium,Moderate,Low,Hybrid,45.76
7765,Medium,125,3,Data,Low,2,Senior,1,84.1,Comprehensive,High,Critical,Moderate,Medium,Human,30.89
60214,High,168,7,Security,Medium,3,Senior,1,59.1,Comprehensive,High,Low,Moderate,Medium,Human,29.09
129854,High,135,6,Data,Low,2,Mid,0,71.9,Standard,Standard,High,Moderate,High,Human,38.57
34494,High,151,6,Infrastructure,High,6,Mid,0,94.6,Minimal,High,Low,Flexible,Low,Hybrid,39.26
1336,Low,46,1,Infrastructure,Medium,2,Senior,1,51.6,Standard,Standard,Low,Flexible,Low,Hybrid,44.48
1090,Low,32,2,Data,High,6,Senior,1,39.9,Comprehensive,High,Medium,Tight,Medium,Human,40.98
4506,Low,79,2,Data,Low,1,Senior,1,62.6,Standard,Standard,Low,Moderate,High,Hybrid,46.84
2449,Low,20,1,Mobile,High,4,Mid,0,46.7,Comprehensive,Standard,Medium,Moderate,High,Hybrid,49.87
2347,Low,26,1,Data,Low,2,Senior,0,75.1,Standard,Standard,High,Tight,Medium,AI,47.97
35533,High,179,9,Data,Medium,1,Senior,0,73.5,Comprehensive,High,High,Flexible,Low,Hybrid,27.09
3256,Low,7,3,Web,High,8,Mid,0,60.5,Minimal,Standard,Low,Tight,High,Hybrid,56.67
12268,Medium,97,2,Mobile,High,6,Architect,0,67.5,Standard,Real-time,Low,Flexible,High,Hybrid,27.07
9091,Medium,97,5,Data,Medium,4,Senior,1,68.5,Standard,High,Medium,Tight,High,Hybrid,35.44
1277,Low,66,1,Data,Medium,6,Senior,0,27.3,Standard,Standard,Medium,Moderate,Low,AI,49.53
18513,Medium,27,5,Web,Low,2,Mid,1,64.9,Standard,High,Medium,Tight,High,Hybrid,45.49
38103,High,172,5,Web,Medium,2,Senior,0,75.6,Standard,Standard,Medium,Moderate,High,Hybrid,30.15
2594,Low,47,1,Security,Low,1,Mid,1,53.1,Minimal,High,Low,Flexible,Medium,Hybrid,52.98
166941,High,161,7,Security,Low,1,Senior,0,77.0,Comprehensive,Standard,Critical,Tight,Low,Human,32.81
12721,Medium,93,6,Web,High,5,Senior,1,91.5,Minimal,Real-time,High,Flexible,Medium,Human,24.35
37383,Medium,94,3,Data,Low,4,Senior,0,60.3,Minimal,Real-time,High,Flexible,Medium,Hybrid,36.61
1626,Low,35,1,Infrastructure,Medium,3,Senior,0,57.2,Standard,Standard,Low,Moderate,Medium,AI,50.0
7998,Medium,86,2,Data,Medium,4,Mid,0,60.8,Standard,High,High,Tight,Medium,Hybrid,47.8
16596,Medium,60,3,Infrastructure,High,9,Senior,1,72.2,Minimal,Standard,Medium,Tight,Medium,Human,40.32
6329,Medium,112,4,Data,High,10,Senior,1,78.5,Comprehensive,High,High,Flexible,Medium,Human,26.07
14906,Medium,99,5,Mobile,Medium,5,Junior,0,61.4,Comprehensive,Real-time,Low,Flexible,Low,Hybrid,46.0
12354,Medium,92,5,Web,Medium,3,Mid,0,46.9,Minimal,Standard,High,Moderate,High,AI,43.07
905,Low,7,1,Web,Low,1,Junior,1,64.2,Minimal,Real-time,Critical,Moderate,Medium,Human,56.82
641,Low,43,1,Infrastructure,High,7,Mid,0,34.0,Standard,Standard,Medium,Flexible,Medium,Hybrid,51.52
1809,Low,28,3,Infrastructure,Medium,0,Junior,0,49.1,Standard,Real-time,High,Moderate,High,Hybrid,56.21
11069,Medium,80,5,Web,Medium,3,Mid,0,60.3,Minimal,High,Low,Flexible,Medium,Hybrid,44.66
500,Low,40,1,Security,Low,1,Senior,1,61.2,Standard,High,Low,Moderate,High,Hybrid,46.89
11438,Medium,55,4,Data,Low,3,Architect,1,55.3,Standard,Standard,Low,Moderate,High,Hybrid,30.46
33394,High,165,11,Infrastructure,High,5,Mid,1,67.0,Minimal,High,Medium,Tight,Medium,Human,34.25
9174,Medium,68,4,Mobile,High,3,Mid,1,72.5,Standard,High,Low,Moderate,Low,Human,42.98
2081,Low,7,5,Infrastructure,Medium,6,Junior,1,38.9,Standard,Standard,High,Moderate,Low,Hybrid,56.1
19953,Medium,109,3,Security,High,9,Senior,1,84.6,Minimal,Standard,High,Tight,Low,Human,40.52
40190,High,189,9,Infrastructure,Low,1,Senior,0,70.7,Comprehensive,Standard,Low,Tight,Low,Hybrid,36.24
2889,Low,29,1,Data,High,12,Junior,0,45.4,Standard,Standard,High,Flexible,High,Human,51.71
1454,Low,31,1,Data,High,6,Mid,1,27.3,Minimal,Real-time,High,Tight,Low,Human,49.39
50919,High,166,5,Infrastructure,Medium,6,Mid,0,72.4,Comprehensive,High,Medium,Moderate,High,Hybrid,34.26
30542,High,135,8,Mobile,Medium,4,Senior,0,50.5,Comprehensive,High,High,Flexible,Medium,Hybrid,28.35
17557,Medium,84,4,Data,Low,1,Senior,0,54.6,Minimal,Real-time,Medium,Tight,Medium,Hybrid,44.39
12061,Medium,107,4,Web,High,7,Senior,0,64.5,Minimal,Real-time,Low,Flexible,Low,Hybrid,38.52
3309,Low,18,2,Security,High,8,Mid,1,55.8,Minimal,Standard,Critical,Tight,Medium,Human,48.85
11306,Medium,104,7,Infrastructure,Medium,6,Mid,0,45.8,Minimal,Real-time,Low,Moderate,Medium,Hybrid,45.87
6419,Medium,92,6,Infrastructure,High,9,Mid,0,59.8,Standard,High,Medium,Tight,Medium,Hybrid,45.6
38314,High,131,9,Data,Medium,4,Junior,1,98.0,Standard,Standard,Low,Moderate,High,Hybrid,40.91
14506,Medium,62,6,Web,High,4,Senior,0,50.2,Standard,High,Low,Moderate,Medium,Hybrid,37.07
45494,High,166,9,Web,Low,0,Senior,0,62.4,Standard,High,Low,Moderate,Low,Hybrid,33.89
111885,High,162,11,Web,Medium,7,Mid,1,69.1,Standard,Real-time,Low,Tight,Low,Human,34.96
5960,Medium,97,4,Web,High,5,Senior,0,81.3,Comprehensive,Standard,Medium,Flexible,Medium,Hybrid,33.24
18845,Medium,91,3,Security,High,7,Senior,0,74.6,Standard,High,High,Moderate,Medium,Human,33.3
7634,Medium,93,4,Data,Medium,2,Mid,1,78.5,Comprehensive,Standard,High,Flexible,Medium,Hybrid,37.54
49796,High,140,10,Data,Low,1,Junior,1,70.2,Standard,High,Low,Flexible,High,Hybrid,40.29
2918,Low,31,1,Security,Medium,3,Architect,1,65.7,Standard,Standard,Low,Moderate,Medium,Hybrid,38.53
1436,Low,23,4,Security,High,10,Mid,1,25.4,Minimal,Standard,Low,Flexible,High,Human,47.02
37803,High,152,7,Data,High,7,Junior,0,61.8,Standard,Standard,Medium,Moderate,Medium,Hybrid,44.29
94401,High,103,7,Web,Medium,4,Mid,0,57.4,Comprehensive,Real-time,Medium,Moderate,Medium,Human,33.43
4651,Low,7,1,Web,Medium,4,Junior,0,56.0,Comprehensive,Standard,High,Moderate,Medium,Hybrid,56.53
21540,Medium,69,4,Security,Low,3,Senior,1,47.8,Comprehensive,High,Medium,Tight,High,Hybrid,38.33
1863,Low,22,3,Security,Low,0,Senior,0,45.3,Standard,High,Low,Flexible,Medium,Hybrid,44.34
22598,Medium,107,4,Mobile,Low,2,Senior,0,44.8,Standard,Standard,Low,Moderate,High,Hybrid,45.78
12499,Medium,89,6,Data,Medium,7,Mid,0,72.6,Standard,Standard,Medium,Moderate,Low,Hybrid,45.65
2208,Low,44,3,Data,Medium,3,Mid,0,46.1,Standard,Standard,Low,Tight,High,AI,56.95
3977,Low,21,1,Mobile,High,8,Junior,0,67.2,Standard,Real-time,Low,Moderate,Low,Hybrid,56.33
40981,High,160,10,Data,High,6,Architect,1,58.7,Standard,High,High,Flexible,Low,Human,16.83
1699,Low,48,1,Infrastructure,Low,2,Junior,0,39.8,Standard,Standard,Critical,Moderate,Low,Human,60.37
1127,Low,21,2,Web,Medium,4,Junior,0,34.0,Standard,Standard,High,Tight,High,Hybrid,60.11
2693,Low,43,4,Mobile,Critical,16,Senior,1,43.0,Standard,High,Low,Moderate,Medium,Human,37.68
3992,Low,22,1,Web,Critical,9,Architect,0,43.4,Standard,High,Medium,Moderate,Medium,Human,34.83
8687,Medium,60,4,Data,Critical,8,Senior,1,41.5,Standard,Standard,Low,Moderate,Medium,Human,36.03
41137,High,156,7,Web,Medium,3,Senior,1,66.9,Comprehensive,High,Low,Tight,High,Hybrid,29.6
556,Low,22,1,Data,Critical,5,Senior,1,60.2,Standard,Standard,Medium,Tight,High,Human,42.54
13210,High,88,9,Mobile,Low,1,Mid,0,70.5,Standard,Standard,High,Flexible,Medium,Hybrid,35.33
1046,Low,60,2,Web,High,4,Junior,0,33.4,Minimal,Standard,High,Flexible,Medium,Human,55.93
12749,Medium,55,4,Mobile,Medium,3,Mid,1,63.1,Minimal,Standard,Medium,Moderate,Low,Hybrid,45.74
9934,Medium,65,3,Infrastructure,High,8,Architect,0,65.8,Standard,High,High,Flexible,Medium,Human,26.48
1041,Low,58,1,Security,Low,0,Mid,1,70.7,Comprehensive,High,Medium,Moderate,Medium,Hybrid,50.19
24666,Medium,81,3,Security,Low,4,Junior,1,56.6,Standard,Standard,Medium,Flexible,High,Hybrid,49.79
2847,Low,25,1,Mobile,Critical,6,Mid,0,61.8,Standard,High,High,Tight,Medium,Human,49.29
102940,High,112,8,Infrastructure,Low,4,Senior,0,68.3,Comprehensive,High,High,Moderate,Medium,Human,28.73
12207,Medium,103,6,Infrastructure,Medium,2,Architect,0,72.1,Standard,Standard,High,Moderate,Low,Hybrid,31.03
24160,High,137,7,Data,Medium,6,Mid,0,76.9,Standard,Standard,Medium,Moderate,Medium,Hybrid,36.35
10964,Medium,123,5,Mobile,Medium,4,Junior,0,81.5,Standard,High,Medium,Moderate,Low,Hybrid,51.19
3293,Low,40,4,Security,Low,1,Junior,1,68.5,Minimal,High,Low,Flexible,Low,Hybrid,57.46
14942,Medium,108,1,Infrastructure,High,9,Senior,0,51.3,Comprehensive,High,Medium,Flexible,High,Hybrid,30.73
48957,High,129,5,Security,Low,2,Senior,0,93.6,Minimal,High,High,Flexible,Medium,Hybrid,30.05
61636,High,156,8,Data,Medium,2,Senior,1,92.5,Standard,Standard,High,Flexible,Low,Human,25.38
59605,High,148,8,Data,Low,2,Architect,1,66.9,Minimal,Real-time,High,Moderate,Medium,Human,19.76
6018,Medium,106,3,Security,Medium,1,Mid,0,58.4,Standard,Standard,Medium,Tight,High,Hybrid,48.02
13341,Medium,95,5,Infrastructure,Critical,7,Mid,1,67.5,Minimal,Real-time,Medium,Moderate,Medium,Human,40.37
16353,Medium,91,4,Web,Medium,6,Junior,0,51.4,Comprehensive,High,Low,Moderate,Medium,Hybrid,48.81
75830,High,166,9,Security,Critical,7,Senior,1,70.5,Comprehensive,High,Medium,Flexible,Low,Human,19.31
2128,Low,43,1,Data,Low,2,Senior,0,56.7,Comprehensive,Standard,Low,Moderate,High,AI,45.88
27610,Medium,90,7,Data,Medium,1,Senior,1,50.9,Minimal,High,Low,Moderate,High,Hybrid,35.56
7403,Medium,87,5,Web,High,6,Architect,1,82.0,Standard,Real-time,Low,Tight,Medium,Human,28.16
2798,Low,7,2,Infrastructure,High,6,Mid,0,48.3,Standard,Standard,High,Moderate,Medium,Human,48.39
1815,Low,37,1,Security,Low,1,Senior,0,51.3,Minimal,Real-time,Low,Moderate,Medium,AI,50.81
20178,High,135,7,Data,Medium,4,Mid,0,74.8,Standard,Standard,High,Flexible,Low,Hybrid,38.16
2800,Low,20,1,Mobile,Medium,5,Senior,0,75.0,Comprehensive,High,Medium,Moderate,Medium,AI,44.09
22834,Medium,83,5,Data,Low,3,Mid,1,65.9,Comprehensive,Standard,Low,Flexible,Low,Hybrid,43.98
48987,High,151,7,Security,Medium,4,Architect,0,54.3,Standard,High,High,Flexible,Low,Human,19.48
40249,High,171,7,Infrastructure,Critical,3,Junior,0,56.5,Standard,Real-time,Medium,Flexible,Medium,Human,37.13
2192,Low,60,1,Data,Low,3,Mid,0,46.3,Minimal,High,Medium,Moderate,Medium,AI,57.03
43167,High,124,8,Security,Medium,3,Mid,0,53.3,Comprehensive,Real-time,High,Moderate,Medium,Hybrid,33.87
20580,Medium,92,3,Data,Medium,3,Mid,0,48.3,Standard,Real-time,High,Moderate,High,Hybrid,44.15
42464,High,156,10,Web,High,5,Junior,0,63.0,Standard,Real-time,Medium,Moderate,Medium,Hybrid,41.35
1459,Low,54,2,Data,Medium,4,Mid,0,53.1,Comprehensive,High,Low,Flexible,Medium,AI,50.53
26608,High,113,6,Infrastructure,Low,2,Mid,0,67.3,Standard,Standard,Critical,Tight,High,Human,43.89
8252,Medium,74,6,Infrastructure,Medium,4,Junior,0,76.9,Standard,Standard,Medium,Flexible,Medium,Hybrid,49.41
2468,Low,41,4,Infrastructure,Medium,4,Senior,0,61.8,Comprehensive,High,Medium,Flexible,Medium,AI,38.95
13933,Medium,85,6,Web,Low,1,Senior,0,75.3,Standard,High,Medium,Moderate,Low,Hybrid,40.0
8012,Medium,82,4,Security,High,4,Senior,1,26.0,Standard,High,Critical,Flexible,High,Human,26.6
19199,Medium,103,2,Security,Critical,9,Mid,1,64.3,Minimal,High,Medium,Moderate,High,Hybrid,39.9
17430,Medium,86,3,Security,Critical,8,Senior,0,77.5,Minimal,High,High,Moderate,Low,Human,33.12
10916,Medium,83,6,Security,Critical,8,Junior,1,59.7,Standard,Standard,Low,Moderate,Medium,Human,46.31
23273,High,149,7,Security,High,3,Senior,1,75.5,Standard,Standard,Low,Tight,High,Human,30.98
5838,Low,34,3,Security,High,3,Senior,1,98.0,Standard,Standard,Medium,Tight,Low,Human,44.8
935,Low,34,2,Web,Low,3,Senior,0,37.9,Minimal,Standard,Medium,Flexible,Medium,AI,50.43
1719,Low,31,1,Data,Medium,3,Mid,0,46.5,Standard,High,Medium,Tight,Low,AI,54.81
54452,High,160,4,Security,High,9,Junior,1,97.6,Comprehensive,High,Critical,Moderate,High,Human,36.49
1785,Low,47,2,Web,Medium,3,Senior,0,74.5,Standard,Standard,Low,Flexible,Medium,AI,45.62
7451,Medium,78,5,Web,Medium,2,Mid,1,43.3,Comprehensive,High,Critical,Moderate,High,Human,36.38
1936,Low,36,2,Data,High,7,Junior,0,49.7,Standard,Real-time,High,Flexible,Low,Human,49.62
102851,High,132,8,Mobile,High,6,Architect,1,76.7,Standard,Real-time,Low,Moderate,High,Human,16.61
100326,High,150,9,Data,High,7,Senior,1,98.0,Standard,Real-time,Medium,Tight,Medium,Human,26.38
3639,Medium,86,3,Security,High,5,Senior,1,74.4,Standard,High,Critical,Moderate,Low,Human,32.0
29709,High,129,7,Infrastructure,Critical,9,Senior,0,74.9,Comprehensive,Real-time,Medium,Tight,High,Human,25.3
5736,Medium,77,2,Mobile,Medium,2,Mid,0,57.8,Standard,Standard,Low,Flexible,High,Hybrid,46.53
3435,Low,19,1,Web,Medium,4,Mid,1,63.9,Standard,Real-time,Low,Flexible,High,Hybrid,43.35
3493,Low,13,1,Web,High,8,Senior,0,44.1,Standard,Real-time,High,Tight,Low,Hybrid,43.89
11173,Medium,61,5,Data,High,5,Senior,0,69.8,Standard,High,Critical,Moderate,Low,Human,35.53
4082,Low,11,1,Data,Medium,3,Senior,0,61.9,Standard,Real-time,Medium,Tight,Low,AI,48.9
50184,High,132,8,Data,Low,1,Architect,0,74.0,Standard,High,Medium,Flexible,High,Human,21.89
1033,Low,38,2,Infrastructure,Medium,4,Mid,0,57.9,Standard,Real-time,Critical,Moderate,High,Human,48.53
3562,Low,41,3,Infrastructure,Medium,1,Mid,0,77.5,Standard,High,Medium,Tight,Medium,AI,51.34
13968,Medium,100,5,Infrastructure,High,6,Senior,0,66.9,Comprehensive,Standard,Medium,Flexible,Medium,Human,31.19
13362,Medium,101,4,Infrastructure,Low,1,Architect,0,84.0,Comprehensive,Standard,Critical,Flexible,Low,Human,30.28
2474,Low,8,2,Security,High,7,Senior,1,76.2,Standard,Standard,Low,Tight,High,Human,45.01
62837,High,141,9,Security,Critical,6,Mid,1,71.8,Standard,High,Medium,Flexible,Low,Human,27.95
3340,Low,7,1,Web,Medium,2,Mid,0,42.5,Standard,High,High,Flexible,Medium,Hybrid,48.45
23695,Medium,59,6,Infrastructure,Critical,7,Mid,0,74.7,Minimal,High,High,Flexible,High,Human,35.22
1961,Low,25,2,Security,Medium,4,Junior,0,60.2,Standard,Standard,High,Tight,Medium,Hybrid,61.1
35811,Medium,111,4,Web,Low,1,Junior,0,58.8,Comprehensive,High,High,Moderate,Medium,Hybrid,49.8
2246,Low,7,2,Data,Medium,4,Senior,0,64.9,Comprehensive,High,High,Moderate,Medium,Hybrid,41.19
12312,Medium,97,2,Security,Medium,8,Junior,1,62.7,Standard,High,High,Tight,High,Hybrid,47.22
1272,Low,65,3,Infrastructure,High,4,Senior,0,61.8,Minimal,Standard,Critical,Tight,Medium,Human,46.05
7282,Medium,97,7,Data,High,3,Mid,0,50.8,Comprehensive,Standard,High,Tight,Medium,Human,41.91
1380,Low,33,2,Web,Low,3,Junior,0,55.5,Comprehensive,Real-time,Critical,Moderate,Medium,Human,52.09
10292,Medium,70,4,Web,Medium,6,Mid,0,77.6,Standard,Standard,High,Tight,Medium,Hybrid,48.52
1928,Low,24,1,Security,Critical,9,Senior,0,55.1,Standard,Standard,Medium,Tight,Medium,Human,49.1
17002,Medium,87,2,Security,Medium,5,Junior,0,53.4,Minimal,High,Critical,Moderate,High,Human,53.15
106019,High,172,7,Web,Low,4,Architect,0,79.3,Standard,Standard,Low,Flexible,Medium,Human,26.96
122869,High,191,8,Data,High,11,Senior,1,76.9,Standard,Real-time,Low,Moderate,Low,Human,25.23
1350,Low,25,2,Web,Medium,2,Mid,0,74.9,Comprehensive,Standard,Medium,Flexible,Medium,AI,48.49
9447,Medium,113,4,Security,High,4,Mid,1,80.1,Minimal,Standard,Medium,Tight,Medium,Human,46.39
14828,Medium,95,4,Mobile,High,4,Senior,1,66.9,Standard,Standard,Low,Moderate,Medium,Hybrid,35.86
19558,Medium,88,3,Web,Medium,6,Mid,0,45.1,Standard,Real-time,Medium,Flexible,Medium,Hybrid,43.48
2425,Low,19,2,Web,Medium,3,Mid,0,43.2,Standard,Real-time,Medium,Tight,Low,AI,51.16
5557,Low,7,2,Data,High,5,Senior,1,53.2,Standard,Standard,High,Moderate,High,Human,38.43
136506,High,179,9,Web,Medium,1,Mid,0,63.7,Minimal,Standard,Low,Moderate,Low,Human,44.01
36734,High,168,5,Web,Low,5,Senior,0,74.9,Minimal,Standard,High,Flexible,Medium,Hybrid,31.51
2203,Low,32,1,Data,Medium,5,Mid,0,51.1,Standard,High,Medium,Moderate,High,AI,50.95
80101,High,177,6,Web,Medium,6,Senior,1,78.2,Minimal,Standard,High,Flexible,Medium,Human,27.99
19698,High,158,5,Web,High,9,Senior,0,64.3,Standard,High,High,Tight,Low,Hybrid,34.4
12930,Medium,84,5,Infrastructure,Medium,13,Junior,0,60.1,Minimal,Standard,High,Flexible,Low,Hybrid,48.58
37554,High,126,7,Mobile,High,5,Senior,1,78.4,Minimal,Real-time,High,Flexible,Medium,Human,20.28
11238,Medium,101,4,Security,High,5,Senior,0,67.1,Comprehensive,Real-time,Medium,Moderate,Low,Hybrid,32.41
11446,Medium,85,5,Infrastructure,Low,3,Junior,0,45.5,Standard,High,Medium,Moderate,High,Hybrid,50.03
70806,High,177,7,Web,High,4,Mid,1,83.9,Minimal,High,Low,Tight,Low,Human,37.31
998,Low,7,2,Mobile,Critical,10,Mid,0,43.9,Minimal,High,High,Tight,Medium,Human,49.89
17048,Medium,116,4,Infrastructure,High,3,Mid,1,79.3,Standard,Standard,Critical,Flexible,High,Hybrid,36.18
23306,High,123,6,Data,High,3,Junior,1,42.1,Standard,Standard,High,Flexible,Medium,Human,38.18
24384,Medium,90,6,Web,High,2,Mid,0,71.5,Standard,Standard,Medium,Tight,Medium,Hybrid,45.9
28114,High,156,8,Security,High,7,Senior,1,54.6,Comprehensive,High,Medium,Tight,Medium,Human,25.2
41989,High,165,9,Web,Low,5,Junior,0,80.3,Standard,Standard,Medium,Moderate,Medium,Hybrid,47.01
5699,Medium,104,5,Data,Critical,8,Mid,1,63.2,Standard,High,Critical,Tight,Low,Human,40.91
9000,Medium,106,6,Infrastructure,Medium,4,Mid,0,83.5,Comprehensive,Standard,Low,Flexible,Medium,Hybrid,40.7
15111,Medium,82,3,Infrastructure,High,4,Senior,0,57.3,Standard,High,Low,Moderate,Low,Hybrid,42.36
9346,Medium,88,3,Web,Low,1,Junior,0,91.9,Standard,Real-time,Low,Moderate,Medium,Hybrid,53.94
18726,Medium,115,4,Infrastructure,Critical,13,Mid,0,72.7,Standard,High,Medium,Tight,Low,Human,43.68
1115,Low,43,1,Web,High,6,Senior,1,79.2,Standard,High,Medium,Moderate,Low,Human,41.92
28815,Medium,45,4,Infrastructure,Medium,6,Mid,1,39.9,Standard,Real-time,Low,Moderate,High,Hybrid,41.75
3304,Low,23,1,Web,Medium,2,Senior,0,35.0,Minimal,Real-time,Low,Tight,Medium,AI,53.72
17030,High,154,8,Data,High,6,Senior,0,68.3,Standard,Standard,High,Moderate,Medium,Human,29.64
6766,Medium,113,9,Mobile,Medium,4,Senior,1,49.6,Standard,Standard,Low,Flexible,Low,Hybrid,35.81
145158,High,158,9,Infrastructure,Critical,7,Senior,0,96.4,Minimal,High,High,Moderate,High,Human,23.74
9287,Medium,91,4,Infrastructure,High,7,Mid,0,71.8,Standard,High,High,Tight,Low,Human,45.83
79127,High,168,10,Security,Low,2,Architect,1,35.2,Standard,Standard,High,Tight,Low,Human,24.36
43400,High,187,7,Infrastructure,Medium,3,Junior,0,51.4,Comprehensive,High,Medium,Flexible,Low,Hybrid,41.61
4140,Low,39,1,Infrastructure,Medium,4,Architect,1,57.6,Standard,Standard,High,Moderate,Medium,Hybrid,39.79
11586,Medium,73,5,Web,Medium,5,Mid,0,64.5,Minimal,High,Medium,Moderate,Low,Hybrid,43.48
1207,Low,7,2,Data,High,5,Mid,1,40.8,Standard,Standard,Medium,Tight,Medium,Human,52.05
8782,Medium,115,3,Data,High,4,Senior,1,51.8,Comprehensive,High,Medium,Tight,Low,Human,36.4
21765,Medium,82,6,Data,Critical,14,Mid,1,60.5,Comprehensive,Standard,Medium,Flexible,Medium,Human,33.02
9502,Medium,84,3,Security,Low,1,Senior,1,58.4,Standard,High,Critical,Moderate,High,Human,33.26
9778,Medium,89,5,Web,High,7,Mid,1,66.8,Standard,High,High,Tight,Medium,Human,40.34
4690,Medium,105,4,Data,Critical,4,Senior,1,83.3,Standard,Standard,Medium,Flexible,Low,Human,31.26
12252,Medium,118,2,Web,Low,5,Junior,0,63.9,Minimal,Standard,High,Tight,Medium,Hybrid,58.73
25458,High,160,5,Data,Critical,9,Architect,1,58.2,Standard,Standard,Medium,Flexible,Low,Human,18.3
2042,Low,27,1,Data,High,3,Architect,1,39.7,Standard,Standard,Low,Flexible,High,Human,37.59
9279,Medium,133,7,Mobile,High,7,Mid,1,78.0,Standard,Real-time,Critical,Flexible,High,Human,29.34
11107,Medium,74,5,Infrastructure,Low,2,Junior,1,71.2,Standard,High,Low,Moderate,Medium,Hybrid,52.2
52691,Medium,76,1,Data,Low,0,Mid,0,76.4,Minimal,High,High,Flexible,Medium,Hybrid,44.25
45829,High,189,8,Data,High,7,Mid,1,80.8,Minimal,High,Medium,Flexible,High,Human,31.71
11895,Medium,73,6,Data,Critical,13,Architect,1,62.1,Standard,Standard,Medium,Flexible,Medium,Human,23.43
32916,Medium,74,4,Data,High,8,Mid,0,53.3,Minimal,Real-time,High,Flexible,High,Human,38.64
13535,Medium,72,4,Data,Medium,5,Mid,1,84.6,Minimal,High,High,Tight,High,Hybrid,41.36
30085,Medium,86,2,Web,Medium,2,Architect,0,49.4,Minimal,Standard,Low,Tight,High,Hybrid,38.3
11746,Medium,92,4,Web,Medium,6,Mid,0,37.6,Minimal,Real-time,Low,Flexible,Medium,Hybrid,47.63
4982,Low,29,3,Mobile,High,5,Senior,1,79.3,Standard,Standard,Low,Moderate,High,Human,39.82
2753,Low,25,3,Infrastructure,High,4,Mid,0,31.9,Standard,High,High,Tight,High,Human,51.03
36533,High,150,7,Data,Medium,3,Mid,0,62.7,Minimal,High,Low,Flexible,Medium,Hybrid,37.77
13479,High,152,7,Data,Low,1,Senior,0,56.2,Comprehensive,Standard,Low,Moderate,Medium,Hybrid,36.5
2799,Low,42,4,Web,Low,2,Junior,0,38.8,Standard,Standard,Low,Flexible,Low,AI,60.36
2535,Low,29,1,Infrastructure,Medium,6,Mid,0,67.5,Standard,Standard,High,Tight,Low,Hybrid,53.55
16722,Medium,105,7,Data,Medium,3,Mid,0,44.2,Standard,Real-time,High,Flexible,Low,Hybrid,38.16
127363,High,164,10,Web,Medium,4,Junior,1,67.3,Standard,Standard,Medium,Flexible,Low,Human,38.6
5659,Medium,64,6,Mobile,Low,2,Junior,1,89.3,Minimal,Real-time,High,Moderate,Low,Hybrid,49.35
11766,Medium,92,4,Data,Medium,7,Senior,0,39.5,Comprehensive,Standard,Low,Tight,Medium,Hybrid,42.38
12143,Medium,112,3,Infrastructure,High,5,Senior,1,80.6,Comprehensive,Standard,Medium,Moderate,High,Human,30.25
2690,Low,29,2,Data,Critical,9,Junior,1,67.6,Standard,Standard,High,Moderate,Medium,Human,50.96
11085,Medium,114,3,Data,Medium,4,Architect,1,63.0,Standard,High,Low,Moderate,High,Hybrid,28.01
18835,Medium,57,3,Web,Low,0,Senior,1,71.7,Comprehensive,Standard,Medium,Moderate,Low,Hybrid,38.78
83766,High,88,7,Data,Medium,3,Architect,0,37.0,Comprehensive,Standard,High,Moderate,Medium,Hybrid,24.19
22008,High,113,7,Infrastructure,High,3,Junior,0,77.4,Minimal,Standard,Low,Tight,Low,Hybrid,51.41
2672,Low,30,2,Infrastructure,High,10,Mid,0,30.3,Comprehensive,Standard,Low,Flexible,High,Hybrid,48.27
9629,Medium,63,3,Mobile,Medium,0,Mid,0,63.2,Standard,Standard,High,Flexible,Medium,Hybrid,45.81
24816,High,136,7,Web,High,7,Senior,0,94.7,Standard,Real-time,Medium,Moderate,High,Hybrid,25.74
2512,Low,14,2,Data,Low,3,Senior,1,64.6,Standard,Real-time,Critical,Flexible,Medium,Human,34.81
816,Low,9,1,Data,Critical,6,Architect,1,31.6,Standard,Standard,High,Moderate,High,Human,33.24
1877,Low,29,4,Web,Low,3,Junior,0,60.4,Standard,Standard,Low,Tight,Low,AI,64.1
14977,Medium,98,3,Infrastructure,Low,2,Senior,0,92.6,Minimal,High,Low,Tight,Low,Hybrid,46.43
5562,Medium,102,4,Data,Medium,4,Mid,1,62.0,Minimal,High,High,Moderate,Medium,Hybrid,41.64
1595,Low,26,3,Web,High,5,Senior,0,43.3,Standard,Real-time,Low,Moderate,Low,Hybrid,43.46
3359,Low,55,3,Security,Critical,4,Senior,1,44.9,Comprehensive,High,Low,Tight,Medium,Human,40.22
17234,Medium,117,5,Web,High,4,Senior,0,64.1,Minimal,High,Medium,Tight,High,Hybrid,40.7
12400,Medium,119,2,Data,Medium,2,Mid,1,62.1,Minimal,Standard,High,Moderate,Medium,Hybrid,46.57
49783,High,139,9,Infrastructure,High,4,Architect,1,79.8,Standard,Standard,Critical,Tight,Medium,Human,20.33
107969,High,160,11,Security,Low,4,Senior,0,82.8,Standard,Standard,High,Flexible,High,Human,26.71
59372,High,133,4,Data,Medium,6,Mid,0,98.0,Comprehensive,Standard,Low,Flexible,Medium,Hybrid,36.24
920,Low,25,4,Mobile,Low,1,Senior,0,28.6,Standard,Real-time,Medium,Moderate,Medium,AI,42.21
3401,Low,22,6,Data,Low,5,Mid,1,26.4,Standard,Real-time,Low,Moderate,Low,Hybrid,50.76
75494,High,140,11,Data,Medium,7,Mid,0,54.9,Standard,High,Medium,Moderate,High,Human,31.13
7257,Medium,88,5,Web,Medium,0,Mid,0,79.1,Minimal,Standard,Critical,Tight,High,Human,43.27
3330,Low,45,3,Security,High,7,Mid,1,54.2,Standard,Standard,High,Flexible,Medium,Human,43.28
1941,Low,21,1,Security,Low,1,Senior,0,51.9,Standard,High,High,Flexible,Low,Hybrid,44.97
1097,Low,28,1,Security,Low,2,Mid,0,61.7,Standard,Standard,Medium,Tight,Medium,AI,57.57
120868,High,133,7,Mobile,Medium,6,Mid,0,79.6,Standard,High,Medium,Flexible,High,Human,35.52
14913,Medium,90,3,Data,Critical,10,Junior,1,76.2,Standard,Real-time,High,Moderate,Low,Hybrid,43.14
1392,Low,22,4,Mobile,High,5,Junior,0,43.8,Standard,Standard,Low,Moderate,High,Hybrid,58.01
38980,High,141,7,Web,High,6,Junior,0,90.7,Comprehensive,High,Medium,Tight,Low,Hybrid,45.43
15890,Medium,106,6,Security,Critical,12,Junior,1,57.1,Standard,Standard,High,Moderate,High,Human,44.64
51930,High,163,8,Infrastructure,Low,2,Architect,0,92.4,Minimal,Real-time,High,Tight,Medium,Hybrid,27.02
53621,High,138,6,Infrastructure,Medium,5,Mid,1,54.0,Comprehensive,High,Medium,Tight,Medium,Hybrid,34.76
8741,Medium,85,1,Infrastructure,Low,4,Senior,0,36.6,Comprehensive,High,High,Flexible,Medium,Hybrid,35.29
34350,High,122,7,Data,High,7,Junior,1,98.0,Minimal,High,Low,Moderate,Medium,Human,40.08
1408,Low,40,1,Security,Medium,6,Senior,0,33.4,Minimal,Real-time,Critical,Tight,Medium,Human,45.86
11231,Medium,57,2,Web,High,4,Mid,1,48.4,Standard,High,Low,Moderate,Medium,Human,41.75
1429,Low,7,1,Mobile,High,11,Senior,1,51.9,Standard,High,Medium,Tight,Low,Human,43.54
13596,Medium,110,7,Data,High,8,Senior,1,61.1,Standard,Standard,High,Moderate,Low,Human,32.86
13779,Medium,96,4,Web,Low,0,Junior,0,50.5,Comprehensive,Real-time,Medium,Tight,Medium,Hybrid,49.94
1558,Low,23,1,Data,Medium,4,Mid,0,50.8,Standard,Real-time,Medium,Tight,Low,AI,52.67
912,Low,7,2,Infrastructure,High,5,Senior,0,39.0,Comprehensive,Real-time,Medium,Flexible,Medium,Hybrid,37.44
12836,Medium,118,3,Infrastructure,Low,1,Senior,0,54.7,Standard,High,Medium,Moderate,Medium,Hybrid,40.81
31064,High,160,8,Security,Medium,3,Junior,1,66.7,Minimal,Standard,Critical,Tight,High,Human,42.05
6688,Medium,103,6,Web,Medium,5,Junior,0,72.8,Standard,High,High,Flexible,Medium,Hybrid,45.8
1698,Low,31,1,Web,Medium,4,Mid,0,59.5,Standard,High,High,Flexible,High,Hybrid,46.04
24146,Medium,98,4,Data,Medium,3,Senior,1,72.6,Standard,High,High,Moderate,Medium,Hybrid,30.88
27168,Medium,109,4,Data,Critical,9,Junior,1,49.9,Standard,Real-time,Medium,Moderate,Low,Human,43.45
36571,High,151,5,Web,Medium,1,Architect,1,69.4,Comprehensive,Standard,High,Flexible,Low,Human,18.69
14721,High,138,8,Data,Critical,10,Senior,0,81.6,Standard,Real-time,High,Tight,Medium,Human,25.49
5795,Medium,80,3,Security,Medium,7,Senior,0,66.7,Standard,Real-time,Low,Moderate,High,Hybrid,37.92
65755,High,148,8,Mobile,Critical,12,Mid,1,62.8,Minimal,Standard,Medium,Tight,Medium,Human,36.67
4911,Low,10,2,Web,Low,4,Mid,0,58.8,Comprehensive,Standard,High,Tight,Medium,AI,54.38
1071,Low,63,1,Web,High,7,Senior,0,63.3,Comprehensive,High,Critical,Moderate,High,Human,36.43
79683,High,140,5,Data,Low,3,Junior,0,96.5,Standard,Real-time,High,Moderate,Medium,Human,40.48
12391,Medium,127,3,Data,High,6,Senior,1,56.6,Comprehensive,High,Medium,Moderate,Medium,Human,33.92
5773,Low,8,1,Data,Medium,3,Mid,0,85.0,Standard,High,Low,Moderate,High,AI,52.35
7559,Medium,81,1,Infrastructure,High,4,Senior,1,54.4,Comprehensive,High,Low,Moderate,High,Human,32.71
20198,Medium,137,4,Security,High,5,Senior,1,47.9,Comprehensive,Standard,Low,Tight,Medium,Human,37.75
4710,Medium,79,3,Web,Critical,10,Senior,1,51.2,Comprehensive,Standard,Medium,Moderate,Low,Human,34.6
2008,Low,51,1,Web,High,6,Junior,0,65.6,Standard,Standard,Low,Flexible,Low,AI,61.08
6555,Medium,87,6,Data,Low,3,Senior,0,60.1,Minimal,High,High,Tight,High,Hybrid,41.51
33811,High,120,8,Security,Low,1,Architect,1,67.4,Minimal,Standard,Medium,Moderate,Low,Human,29.03
759,Low,31,3,Web,High,4,Senior,0,55.7,Minimal,Standard,Low,Moderate,Medium,Hybrid,46.73
7249,Medium,76,7,Web,High,4,Senior,0,80.6,Standard,Standard,Medium,Flexible,Medium,Hybrid,33.65
125348,High,187,7,Web,High,6,Senior,0,82.9,Standard,High,Low,Tight,Medium,Human,31.94
9517,Medium,80,3,Security,Medium,4,Senior,1,88.3,Standard,Standard,Medium,Flexible,Medium,Hybrid,34.55
1591,Low,58,1,Security,Medium,3,Junior,0,66.7,Standard,Standard,Medium,Tight,Medium,AI,65.26
56324,High,139,7,Security,High,2,Senior,1,79.1,Standard,Real-time,High,Tight,High,Human,24.82
7009,Medium,88,9,Infrastructure,Low,1,Mid,1,71.1,Minimal,High,Low,Flexible,Medium,Hybrid,41.07
167752,High,153,8,Infrastructure,Critical,7,Architect,0,64.1,Standard,Standard,High,Flexible,Low,Human,16.22
5017,Low,60,3,Infrastructure,Medium,6,Junior,0,66.8,Minimal,High,Low,Tight,Low,AI,66.71
13552,Medium,72,5,Web,Low,2,Junior,0,70.9,Comprehensive,Standard,Critical,Moderate,Medium,Human,49.55
1003,Low,24,5,Data,Medium,3,Mid,1,80.4,Standard,Real-time,Medium,Moderate,High,Hybrid,45.13
5380,Medium,92,3,Web,Medium,4,Junior,0,51.3,Minimal,Real-time,Medium,Moderate,High,Hybrid,51.69
75361,High,120,6,Web,Low,3,Senior,1,70.3,Minimal,High,Low,Tight,Medium,Human,36.56
1478,Low,7,3,Data,Low,0,Mid,1,46.6,Standard,Real-time,High,Tight,Medium,AI,48.63
12369,Medium,96,2,Data,Medium,1,Mid,1,79.6,Standard,High,High,Moderate,High,Hybrid,40.57
1700,Low,54,1,Security,High,3,Senior,1,51.9,Standard,Standard,High,Moderate,Medium,Human,39.33
4825,Medium,92,4,Security,Medium,1,Architect,1,60.6,Standard,High,Low,Moderate,Medium,Hybrid,30.4
58981,High,157,5,Infrastructure,Medium,0,Mid,0,71.6,Comprehensive,High,Low,Flexible,Medium,AI,35.05
638,Low,45,3,Security,High,7,Senior,1,75.0,Minimal,Standard,High,Tight,Low,Human,40.02
31054,Medium,58,3,Web,Low,2,Senior,0,61.3,Standard,High,High,Flexible,High,Hybrid,34.54
9074,Medium,67,6,Data,High,10,Senior,1,46.3,Comprehensive,Standard,Medium,Tight,High,Human,32.2
3120,Low,30,1,Web,Critical,6,Mid,0,34.4,Standard,High,High,Tight,Low,Human,50.76
3432,Low,7,2,Infrastructure,High,8,Junior,0,51.5,Minimal,Standard,High,Flexible,High,Human,54.66
8786,Medium,108,3,Mobile,High,7,Architect,1,52.9,Standard,Standard,High,Moderate,Medium,Human,29.98
7536,Medium,93,3,Infrastructure,Low,3,Senior,1,71.9,Standard,Standard,Critical,Tight,Medium,Human,38.51
3297,Low,7,1,Infrastructure,Medium,4,Mid,0,34.7,Standard,High,Critical,Tight,High,Human,51.41
11738,Medium,114,5,Data,High,5,Mid,1,85.8,Comprehensive,Standard,High,Tight,Low,Human,41.0
91781,High,145,7,Security,High,7,Senior,0,58.3,Comprehensive,Standard,Medium,Moderate,Medium,Human,29.84
14657,Medium,95,5,Mobile,High,8,Mid,0,80.0,Standard,High,Medium,Tight,Medium,Hybrid,44.89
11878,Medium,91,5,Web,Low,2,Architect,0,64.4,Standard,High,Low,Flexible,Low,Hybrid,33.45
7708,Medium,101,5,Security,Critical,9,Mid,1,66.6,Standard,High,Low,Flexible,Medium,Human,37.84
124526,High,170,9,Security,High,5,Senior,1,86.0,Standard,Standard,High,Tight,High,Human,21.97
36853,High,175,9,Infrastructure,High,5,Mid,0,78.2,Minimal,Standard,High,Flexible,Low,Human,38.15
11974,Medium,71,5,Data,Medium,2,Mid,0,74.6,Standard,Standard,Medium,Flexible,Low,Hybrid,46.6
19736,Medium,67,3,Data,Critical,4,Senior,1,48.1,Standard,High,Critical,Moderate,High,Human,28.6
1224,Low,38,2,Security,High,4,Senior,1,56.0,Comprehensive,Standard,Medium,Moderate,High,Human,37.05
8581,Medium,82,2,Infrastructure,Critical,16,Mid,0,46.3,Standard,Standard,Low,Tight,Medium,Human,49.45
25948,High,129,6,Security,High,5,Junior,1,91.1,Comprehensive,High,Medium,Tight,High,Human,38.06
12915,Medium,73,6,Mobile,High,4,Junior,1,56.3,Comprehensive,High,Medium,Tight,Low,Human,48.33
16765,Medium,89,5,Mobile,Medium,3,Mid,0,75.3,Standard,Standard,High,Flexible,Low,Hybrid,40.37
2566,Low,19,1,Mobile,Low,3,Senior,0,48.9,Standard,Real-time,Critical,Moderate,Low,Human,47.02
1487,Low,28,3,Data,Medium,5,Architect,1,66.9,Standard,Real-time,Low,Flexible,High,AI,29.17
13150,Medium,71,6,Infrastructure,High,7,Mid,0,50.2,Standard,Standard,Critical,Moderate,High,Human,39.51
7860,Medium,67,5,Security,Medium,3,Senior,0,40.3,Minimal,Standard,Medium,Moderate,High,Hybrid,37.97
10256,Medium,80,3,Web,Medium,5,Architect,0,48.8,Standard,High,Low,Flexible,Medium,Hybrid,31.52
58777,High,206,8,Web,High,5,Junior,0,72.2,Standard,High,High,Flexible,Medium,Human,37.03
16989,Medium,87,4,Infrastructure,High,5,Junior,0,76.9,Minimal,High,High,Moderate,High,Human,50.24
35596,High,131,8,Web,High,9,Senior,0,84.1,Comprehensive,High,Medium,Flexible,Medium,Hybrid,22.81
4322,Low,7,1,Data,Medium,1,Senior,0,52.0,Standard,High,Low,Flexible,High,AI,45.62
1593,Low,52,3,Web,Low,2,Architect,0,56.0,Standard,High,Medium,Tight,Medium,AI,40.9
44334,High,144,5,Infrastructure,Critical,5,Senior,0,73.7,Minimal,Standard,High,Flexible,Low,Human,28.32
43484,High,141,6,Security,High,7,Mid,0,78.0,Standard,Standard,Critical,Moderate,Low,Human,34.69
67078,High,133,8,Security,Low,4,Junior,1,68.1,Comprehensive,High,Low,Moderate,High,Human,41.75
12119,Medium,93,5,Security,High,3,Senior,0,52.7,Standard,High,High,Moderate,Low,Human,36.32
13980,Medium,64,3,Data,Medium,3,Mid,0,58.7,Minimal,High,Medium,Flexible,Low,Hybrid,47.11
13145,Medium,74,2,Mobile,High,7,Architect,1,47.9,Standard,High,Low,Flexible,Medium,Human,27.55
3075,Low,22,6,Data,Medium,7,Mid,1,51.9,Standard,Standard,High,Tight,Medium,Hybrid,49.78
15372,Medium,109,5,Web,Medium,4,Senior,1,69.1,Minimal,High,Low,Flexible,Medium,Hybrid,34.23
31327,High,172,5,Web,High,6,Junior,0,86.8,Comprehensive,Standard,Medium,Tight,Medium,Hybrid,45.64
44499,High,164,7,Security,High,7,Mid,1,63.3,Minimal,Real-time,Critical,Flexible,Low,Human,30.93
2009,Low,57,5,Infrastructure,Medium,8,Senior,0,59.3,Standard,High,High,Flexible,Low,Hybrid,37.45
10761,Medium,81,5,Security,High,2,Architect,0,66.6,Comprehensive,Real-time,Critical,Flexible,Medium,Human,20.9
16080,High,153,7,Data,Critical,10,Mid,0,77.0,Minimal,Real-time,Medium,Tight,Medium,Human,37.9
5225,Medium,89,3,Web,High,5,Senior,1,36.0,Standard,High,Medium,Flexible,High,Human,33.77
2469,Low,13,3,Data,Low,2,Senior,0,48.5,Standard,Real-time,Medium,Moderate,High,AI,45.23
1318,Low,11,1,Data,Low,0,Mid,0,40.2,Standard,Real-time,Medium,Moderate,Medium,AI,53.67
8846,Medium,87,1,Data,Low,2,Mid,1,53.7,Standard,Standard,High,Flexible,Medium,Hybrid,43.61
8905,Medium,117,4,Web,Critical,9,Senior,0,70.3,Standard,Standard,Low,Moderate,Low,Human,37.33
32567,High,156,7,Infrastructure,High,7,Junior,0,78.2,Standard,Standard,Low,Moderate,Medium,Hybrid,44.78
8342,Medium,42,4,Mobile,Critical,7,Senior,0,78.6,Standard,Standard,Medium,Moderate,Medium,Human,33.74
41065,High,152,9,Infrastructure,High,9,Senior,1,96.4,Standard,High,High,Tight,Medium,Human,27.09
54886,High,160,9,Infrastructure,Low,2,Senior,0,69.1,Standard,Real-time,High,Tight,High,Hybrid,30.77
6005,Medium,66,4,Web,High,5,Mid,0,72.5,Standard,Standard,Critical,Tight,Medium,Human,42.39
2902,Low,7,1,Web,High,4,Senior,0,65.8,Standard,Standard,Low,Tight,High,Hybrid,48.6
122631,High,135,5,Security,Medium,1,Junior,1,70.9,Standard,Standard,Critical,Flexible,Medium,Human,39.55
12689,Medium,88,4,Security,High,9,Junior,1,86.7,Standard,High,Medium,Tight,Medium,Human,49.62
21834,Medium,85,3,Web,Low,0,Mid,1,77.8,Standard,High,High,Tight,Medium,Hybrid,43.18
2549,Low,64,3,Security,High,8,Mid,1,84.8,Comprehensive,Standard,High,Flexible,High,Human,34.91
15805,Medium,88,4,Security,Medium,5,Junior,1,76.6,Minimal,Real-time,Critical,Tight,Low,Human,49.17
14032,Medium,65,4,Data,Low,0,Mid,0,46.1,Minimal,High,Medium,Flexible,Medium,Hybrid,45.54
5229,Medium,89,6,Data,Medium,3,Senior,0,64.1,Comprehensive,Standard,Medium,Moderate,Low,Hybrid,39.04
18007,Medium,85,5,Web,Low,1,Senior,0,41.0,Comprehensive,Real-time,Low,Tight,Medium,Hybrid,42.25
101088,High,156,10,Web,Medium,3,Junior,0,77.7,Minimal,High,Medium,Moderate,High,Human,44.99
1690,Low,18,1,Mobile,Critical,8,Mid,1,61.4,Standard,High,Medium,Tight,Low,Human,51.6
43670,High,154,8,Web,Medium,2,Senior,0,81.1,Minimal,High,Medium,Tight,Medium,Hybrid,36.68
8822,Medium,132,6,Infrastructure,High,6,Senior,0,62.3,Minimal,High,Low,Moderate,High,Hybrid,40.77
25500,High,129,8,Data,Medium,4,Senior,0,88.3,Comprehensive,Standard,Low,Tight,High,Hybrid,34.86
52301,High,161,10,Mobile,Medium,6,Senior,0,68.5,Minimal,Standard,High,Tight,Low,Hybrid,36.76
59714,High,151,6,Security,Medium,2,Mid,0,70.7,Comprehensive,High,High,Moderate,Medium,Hybrid,34.45
25970,Medium,84,8,Data,Medium,2,Architect,0,61.3,Minimal,High,Medium,Tight,High,Hybrid,31.03
28235,High,145,10,Infrastructure,Low,1,Senior,0,75.4,Minimal,Real-time,Low,Flexible,Low,Hybrid,35.83
8977,Medium,92,3,Data,Medium,6,Junior,0,68.7,Standard,Real-time,Medium,Moderate,High,Hybrid,49.37
10426,Medium,72,3,Web,Critical,3,Mid,1,48.1,Standard,High,Medium,Moderate,Low,Human,42.48
5695,Medium,55,6,Web,Low,1,Junior,0,54.0,Minimal,High,Medium,Tight,Medium,Hybrid,56.75
41943,High,113,7,Web,High,8,Architect,0,78.7,Minimal,Real-time,High,Flexible,Medium,Human,19.76
1806,Low,70,4,Security,High,7,Junior,0,92.3,Minimal,Standard,High,Tight,Medium,Human,55.12
11429,Medium,98,5,Infrastructure,High,7,Senior,1,52.8,Standard,Standard,Medium,Flexible,High,Hybrid,30.44
2431,Low,35,1,Security,Low,2,Senior,0,53.3,Comprehensive,High,Low,Moderate,Low,Hybrid,48.03
1376,Low,43,1,Security,High,1,Mid,1,55.0,Minimal,Real-time,High,Flexible,Low,Human,46.15
2356,Low,53,1,Web,Critical,3,Mid,0,73.6,Standard,High,Low,Moderate,Medium,Human,51.75
5180,Low,38,1,Infrastructure,Medium,3,Junior,0,59.1,Standard,Standard,High,Tight,Low,Hybrid,60.28
63023,High,132,7,Web,Low,1,Senior,0,75.0,Minimal,Standard,Low,Flexible,High,Human,35.28
45478,High,146,7,Web,Low,3,Senior,0,77.0,Standard,Standard,Medium,Moderate,Medium,AI,35.84
1649,Low,53,1,Security,Critical,9,Senior,1,64.3,Standard,High,Medium,Moderate,Low,Human,43.16
2058,Low,24,1,Web,Low,0,Architect,0,45.1,Standard,Real-time,Medium,Tight,Low,AI,44.41
28893,High,172,7,Web,Low,2,Senior,0,68.0,Comprehensive,Standard,Medium,Flexible,Low,Hybrid,30.36
6661,Medium,89,1,Mobile,High,11,Senior,0,65.9,Standard,Real-time,Low,Moderate,Medium,Hybrid,35.74
3439,Low,17,1,Data,Medium,3,Senior,1,68.2,Comprehensive,Real-time,High,Moderate,Low,Hybrid,40.73
2535,Low,7,1,Web,Medium,1,Senior,0,56.2,Minimal,Standard,Medium,Tight,High,AI,51.94
21299,Medium,81,2,Infrastructure,Medium,1,Mid,0,74.8,Minimal,Real-time,Medium,Tight,Low,Hybrid,49.54
35632,High,133,6,Data,High,2,Senior,0,86.6,Standard,High,High,Tight,Medium,Human,27.98
7772,Medium,103,4,Data,Low,2,Mid,1,93.1,Standard,Standard,Medium,Moderate,Low,Hybrid,44.11
10365,Medium,117,5,Infrastructure,Low,0,Senior,0,61.0,Minimal,Real-time,Low,Moderate,High,Hybrid,42.0
15615,Medium,130,6,Infrastructure,Low,3,Mid,0,47.8,Standard,Standard,Low,Moderate,Low,Hybrid,50.67
20145,High,163,6,Infrastructure,Medium,5,Mid,0,43.6,Comprehensive,Real-time,Low,Moderate,Medium,Hybrid,34.38
9998,Medium,68,4,Data,Medium,3,Junior,0,81.4,Minimal,Standard,Medium,Tight,Medium,Hybrid,58.1
1731,Low,11,3,Security,Medium,3,Senior,0,52.2,Standard,Standard,Low,Moderate,Medium,Hybrid,45.73
2662,Low,25,2,Infrastructure,Low,2,Senior,0,57.2,Standard,High,Medium,Tight,Medium,AI,51.38
42792,High,129,6,Infrastructure,Low,2,Senior,0,74.9,Standard,High,High,Flexible,Medium,Hybrid,29.33
1082,Low,7,1,Infrastructure,High,7,Senior,1,73.7,Standard,High,Medium,Moderate,Low,Human,40.7
9766,Medium,88,4,Web,Medium,2,Junior,1,59.8,Comprehensive,High,High,Moderate,High,Hybrid,45.73
65822,High,134,8,Web,Critical,6,Mid,0,67.1,Minimal,High,Medium,Flexible,High,Human,32.54
7097,Medium,104,3,Infrastructure,Low,2,Senior,0,57.1,Minimal,Real-time,Medium,Moderate,Medium,Hybrid,43.44
13156,Medium,140,6,Data,Medium,4,Mid,1,56.8,Standard,High,Critical,Flexible,Medium,Human,35.3
1078,Low,22,3,Infrastructure,High,4,Architect,0,46.7,Standard,Real-time,Low,Moderate,Medium,Hybrid,37.21
2694,Low,29,1,Data,High,1,Mid,1,26.9,Standard,Standard,High,Tight,High,Human,49.6
2799,Low,16,1,Web,High,5,Junior,1,24.3,Comprehensive,High,Medium,Tight,Low,Human,56.91
21851,Medium,89,3,Data,Medium,4,Mid,0,43.4,Standard,High,Critical,Tight,Medium,Human,47.42
2097,Low,45,2,Data,Low,1,Junior,1,42.4,Standard,Standard,Low,Moderate,Medium,Hybrid,60.24
4008,Medium,97,3,Web,Low,2,Mid,0,87.5,Comprehensive,Standard,Medium,Flexible,Medium,Hybrid,44.92
18496,High,130,5,Security,Medium,2,Junior,0,71.1,Standard,High,High,Flexible,Medium,Hybrid,40.32
8138,Medium,68,5,Data,Medium,6,Senior,0,85.4,Standard,Standard,High,Tight,Medium,Hybrid,36.22
57193,High,154,8,Mobile,Low,3,Senior,0,92.2,Standard,Standard,Medium,Moderate,Medium,Hybrid,33.26
23850,High,146,7,Data,Medium,1,Mid,0,59.7,Standard,High,High,Tight,Low,Hybrid,40.87
12789,Medium,81,4,Infrastructure,Low,1,Senior,0,52.3,Comprehensive,Standard,Low,Moderate,Low,Hybrid,42.46
1274,Low,54,2,Web,Medium,8,Junior,1,66.7,Standard,High,Medium,Tight,Low,Hybrid,56.19
17257,Medium,78,4,Web,Medium,3,Mid,0,31.4,Minimal,Standard,High,Moderate,High,Hybrid,47.05
11529,Medium,124,5,Web,High,9,Senior,1,80.3,Comprehensive,Standard,Low,Moderate,Medium,Human,33.59
39643,High,193,9,Data,Medium,3,Senior,0,88.5,Standard,Standard,Medium,Flexible,Medium,Hybrid,27.21
53836,High,186,8,Data,High,5,Architect,1,80.3,Comprehensive,High,Low,Flexible,High,Human,12.77
8939,Medium,112,3,Web,Medium,8,Senior,0,83.5,Comprehensive,Standard,Medium,Tight,Medium,Hybrid,39.42
55218,High,147,4,Data,Medium,2,Mid,0,87.2,Standard,Real-time,Medium,Moderate,Medium,Hybrid,38.19
856,Low,25,1,Data,Critical,12,Architect,1,52.4,Comprehensive,Real-time,Medium,Tight,Medium,Human,31.92
3174,Low,10,1,Mobile,High,5,Architect,0,71.7,Comprehensive,High,Medium,Flexible,High,Hybrid,29.72
7366,Medium,96,8,Web,Low,8,Mid,0,62.3,Standard,High,Medium,Tight,Medium,Hybrid,47.06
1893,Low,66,1,Web,Medium,5,Senior,0,75.0,Standard,Standard,High,Moderate,Medium,Hybrid,46.16
31481,Medium,74,4,Data,High,6,Senior,1,61.4,Standard,Real-time,Medium,Tight,Medium,Human,32.22
2079,Low,34,1,Data,Low,4,Mid,1,57.9,Standard,High,Low,Moderate,High,Hybrid,51.66
11435,Medium,117,6,Web,Medium,5,Mid,0,64.5,Standard,Standard,Medium,Tight,Medium,Hybrid,49.75
1890,Low,49,2,Web,Critical,8,Junior,1,43.1,Comprehensive,Real-time,Medium,Tight,Medium,Human,49.24
15656,Medium,104,5,Security,Medium,8,Mid,0,75.6,Comprehensive,Standard,Medium,Moderate,High,Hybrid,43.71
31571,High,127,8,Mobile,Medium,9,Mid,0,89.6,Standard,Real-time,High,Flexible,Medium,Hybrid,32.93
43326,High,139,10,Web,Medium,4,Senior,0,87.1,Standard,High,High,Flexible,Medium,Hybrid,24.45
12628,Medium,99,2,Web,Medium,7,Senior,0,66.0,Comprehensive,High,High,Tight,High,Hybrid,36.1
1468,Low,56,2,Web,Low,2,Mid,0,63.7,Standard,Standard,High,Moderate,High,AI,53.95
68443,High,136,9,Infrastructure,Low,2,Senior,1,62.6,Comprehensive,Standard,Medium,Tight,Low,Human,31.58
103625,High,188,8,Security,Low,2,Senior,1,98.0,Standard,Standard,Medium,Moderate,High,Human,25.1
48518,High,160,8,Web,Medium,7,Mid,0,98.0,Standard,High,High,Tight,High,Hybrid,35.63
1894,Low,23,1,Web,High,5,Mid,0,61.8,Standard,Standard,High,Moderate,Medium,Human,50.93
16811,Medium,98,4,Infrastructure,High,8,Architect,1,35.7,Standard,Real-time,Medium,Moderate,Medium,Human,26.75
10627,Medium,69,3,Mobile,High,7,Junior,0,69.1,Minimal,Standard,Medium,Moderate,Low,Hybrid,53.11
2493,Low,21,3,Web,High,3,Senior,0,69.4,Comprehensive,High,Critical,Flexible,High,Human,33.34
6909,Low,45,1,Mobile,High,7,Architect,0,63.1,Comprehensive,High,High,Moderate,High,Human,33.08
4437,Medium,97,5,Data,Medium,2,Junior,0,72.2,Standard,High,Medium,Tight,High,Hybrid,52.77
90638,High,156,7,Security,Critical,11,Mid,1,90.3,Standard,High,High,Moderate,Low,Human,26.72
4092,Medium,81,5,Data,High,9,Junior,0,50.3,Minimal,High,High,Moderate,High,Human,50.87
2445,Low,18,1,Infrastructure,Medium,4,Senior,1,52.0,Standard,High,Medium,Moderate,Medium,Hybrid,42.36
14057,Medium,90,3,Web,High,5,Senior,0,62.6,Standard,High,Medium,Moderate,High,Hybrid,37.51
1771,Low,69,1,Infrastructure,High,10,Mid,1,48.2,Comprehensive,Standard,Critical,Tight,Medium,Human,43.9
19213,Medium,100,3,Data,Medium,2,Junior,0,54.9,Comprehensive,High,Medium,Tight,High,Hybrid,51.6
18108,Medium,91,5,Data,Critical,3,Senior,0,60.7,Comprehensive,High,Critical,Tight,Low,Human,33.29
15561,Medium,59,4,Web,High,6,Senior,0,85.9,Standard,High,Low,Tight,High,Hybrid,38.57
1327,Low,40,1,Web,High,9,Junior,0,61.4,Comprehensive,Standard,Low,Moderate,Medium,Hybrid,56.2
112496,High,133,7,Mobile,High,4,Senior,0,56.1,Comprehensive,Real-time,High,Flexible,Medium,Human,18.07
13793,Medium,61,3,Mobile,Low,1,Mid,0,53.5,Standard,Real-time,High,Flexible,High,Hybrid,43.18
3660,Low,32,1,Infrastructure,High,7,Senior,1,28.4,Comprehensive,High,High,Tight,Medium,Human,40.46
112285,High,147,9,Security,Medium,2,Mid,0,85.6,Standard,High,Medium,Moderate,Low,Human,38.72
24082,Medium,104,4,Data,Critical,11,Senior,1,88.0,Minimal,High,Low,Tight,High,Human,36.69
14651,Medium,110,6,Web,Critical,7,Senior,0,73.2,Minimal,Standard,High,Moderate,Medium,Human,35.9
7532,Low,7,1,Data,High,10,Junior,0,37.2,Standard,Standard,High,Tight,Medium,Human,58.58
14599,Medium,86,4,Web,Medium,1,Senior,0,65.5,Standard,Standard,Critical,Tight,High,Hybrid,38.74
8991,Medium,85,3,Web,Low,1,Senior,0,67.7,Standard,Standard,Low,Moderate,Medium,Hybrid,45.96
46889,High,178,6,Security,Low,5,Senior,1,50.2,Comprehensive,Standard,Medium,Moderate,High,Hybrid,29.21
53480,High,137,8,Web,High,4,Senior,0,54.5,Minimal,High,Low,Tight,Medium,Hybrid,38.19
132258,High,161,10,Security,Medium,6,Junior,1,92.1,Standard,Real-time,Medium,Moderate,High,Human,33.72
5776,Medium,123,5,Infrastructure,Low,3,Mid,0,50.5,Standard,Standard,Low,Flexible,Low,Hybrid,46.06
12110,Medium,81,4,Web,Low,2,Mid,0,54.1,Standard,Standard,Low,Flexible,Low,Hybrid,50.14
9542,Medium,113,5,Infrastructure,Medium,7,Architect,0,77.7,Minimal,High,High,Flexible,High,Hybrid,25.99
74339,High,154,8,Security,Low,0,Junior,0,69.3,Comprehensive,High,Low,Flexible,Medium,Human,45.89
1072,Low,7,1,Web,Medium,2,Mid,0,63.8,Minimal,High,High,Flexible,High,Hybrid,51.37
46109,High,141,7,Web,Medium,4,Mid,0,67.5,Comprehensive,Standard,Medium,Tight,Low,Hybrid,43.06
895,Low,37,1,Data,Medium,3,Mid,0,66.4,Standard,High,High,Moderate,High,Hybrid,51.08
9634,Medium,60,7,Data,High,8,Mid,1,97.0,Comprehensive,High,High,Tight,Medium,Human,34.82
7403,Medium,106,5,Web,High,5,Junior,0,70.1,Standard,High,Critical,Tight,Medium,Human,45.92
30176,Medium,84,1,Data,Medium,8,Mid,0,83.1,Comprehensive,High,Low,Tight,Medium,Hybrid,49.39
7204,Medium,68,6,Web,Low,3,Senior,0,58.0,Comprehensive,Standard,Low,Moderate,High,Hybrid,37.24
51487,High,170,9,Security,High,7,Mid,1,61.2,Comprehensive,Real-time,High,Tight,High,Human,30.56
14616,High,170,8,Security,Low,3,Senior,1,71.2,Standard,High,High,Moderate,Low,Hybrid,29.97
8053,Medium,133,4,Data,Medium,2,Mid,0,48.7,Standard,Real-time,High,Tight,Medium,Hybrid,44.87
9591,Medium,79,3,Web,Low,2,Senior,1,82.5,Standard,Real-time,Medium,Tight,Low,Hybrid,39.73
63783,High,150,7,Web,Medium,2,Senior,0,75.9,Minimal,High,Medium,Tight,Low,Human,37.02
19597,Medium,109,8,Infrastructure,Critical,8,Mid,0,29.6,Minimal,Real-time,Low,Tight,Medium,Human,44.29
2910,Low,33,2,Data,Low,0,Junior,1,45.4,Standard,High,High,Moderate,High,Hybrid,57.18
10268,Medium,119,3,Mobile,High,6,Senior,1,98.0,Standard,Standard,High,Tight,Low,Human,38.26
12124,Medium,57,8,Data,High,5,Mid,1,64.8,Standard,Real-time,High,Moderate,High,Human,34.1
10923,Medium,87,5,Infrastructure,High,6,Mid,0,36.4,Standard,High,Medium,Flexible,High,Hybrid,38.93
1655,Low,46,3,Data,Critical,7,Architect,1,48.1,Standard,High,High,Flexible,High,Human,28.45
11462,Medium,71,4,Infrastructure,Low,3,Junior,0,68.2,Comprehensive,Standard,Low,Moderate,Medium,Hybrid,51.29
1777,Low,37,3,Data,Low,0,Junior,1,78.4,Standard,High,Critical,Flexible,High,Human,50.25
45352,High,145,9,Web,Low,3,Senior,0,65.2,Minimal,High,Low,Moderate,High,Hybrid,35.63
1672,Low,19,3,Security,Medium,3,Senior,1,46.4,Standard,Standard,Low,Tight,Medium,Hybrid,46.53
1786,Low,7,1,Security,High,7,Senior,1,60.5,Minimal,Real-time,Low,Moderate,Low,Human,45.21
16154,Medium,105,4,Infrastructure,High,6,Senior,1,76.2,Standard,Real-time,Medium,Moderate,High,Human,30.27
20873,Medium,123,1,Data,High,7,Mid,1,72.7,Comprehensive,Standard,Medium,Moderate,Low,Human,40.56
1469,Low,53,1,Security,Medium,4,Senior,1,34.5,Comprehensive,Standard,Low,Flexible,Medium,Hybrid,43.52
2300,Low,33,1,Web,High,9,Mid,0,72.3,Standard,Standard,Low,Tight,High,Hybrid,52.63
1980,Low,60,1,Infrastructure,Critical,9,Mid,1,56.3,Comprehensive,Standard,Medium,Moderate,Medium,Human,46.27
2638,Low,69,3,Data,Low,0,Mid,0,42.7,Comprehensive,High,Low,Moderate,Medium,AI,50.35
2176,Low,37,3,Security,Low,3,Junior,0,64.7,Standard,Real-time,High,Tight,Low,AI,60.21
28586,High,177,10,Data,Medium,2,Junior,0,63.7,Comprehensive,High,Critical,Flexible,Medium,Human,35.58
2397,Low,32,2,Infrastructure,High,7,Senior,0,71.2,Minimal,High,Low,Moderate,Medium,Hybrid,45.5
7461,Medium,105,4,Data,Medium,6,Mid,1,82.9,Minimal,High,Low,Moderate,High,Hybrid,44.51
50371,High,181,8,Data,High,6,Senior,1,50.4,Standard,High,Critical,Moderate,Low,Human,23.67
11794,Medium,78,8,Web,Low,1,Senior,0,56.9,Standard,Standard,High,Tight,Medium,Hybrid,42.27
13068,Medium,60,3,Data,High,3,Mid,0,91.0,Minimal,High,Medium,Moderate,Low,Hybrid,46.76
78112,High,178,6,Data,Low,2,Mid,0,76.7,Standard,Standard,Low,Tight,Low,Human,46.9
63540,High,146,7,Infrastructure,High,7,Mid,1,92.4,Minimal,High,Low,Moderate,Low,Human,36.94
